4194304,dace_icx,baseline,0,15590000
4194304,dace_icx,vectorized_w_cpy,0,5347000
4194304,dace_icx,vectorized_wo_cpy,0,5472000
4194304,dace_icx,baseline,1,7455000
4194304,dace_icx,vectorized_w_cpy,1,5420000
4194304,dace_icx,vectorized_wo_cpy,1,5416000
4194304,dace_icx,baseline,2,7544000
4194304,dace_icx,vectorized_w_cpy,2,5442000
4194304,dace_icx,vectorized_wo_cpy,2,5450000
4194304,dace_icx,baseline,3,7465000
4194304,dace_icx,vectorized_w_cpy,3,5356000
4194304,dace_icx,vectorized_wo_cpy,3,5442000
4194304,dace_icx,baseline,4,7444000
4194304,dace_icx,vectorized_w_cpy,4,5361000
4194304,dace_icx,vectorized_wo_cpy,4,5458000
4194304,dace_icx,baseline,5,7501000
4194304,dace_icx,vectorized_w_cpy,5,5360000
4194304,dace_icx,vectorized_wo_cpy,5,5431000
4194304,dace_icx,baseline,6,7517000
4194304,dace_icx,vectorized_w_cpy,6,5320000
4194304,dace_icx,vectorized_wo_cpy,6,5446000
4194304,dace_icx,baseline,7,7462000
4194304,dace_icx,vectorized_w_cpy,7,5402000
4194304,dace_icx,vectorized_wo_cpy,7,5450000
4194304,dace_icx,baseline,8,7436000
4194304,dace_icx,vectorized_w_cpy,8,5347000
4194304,dace_icx,vectorized_wo_cpy,8,5427000
4194304,dace_icx,baseline,9,7466000
4194304,dace_icx,vectorized_w_cpy,9,5370000
4194304,dace_icx,vectorized_wo_cpy,9,5436000
4194304,dace_icx,baseline,10,7482000
4194304,dace_icx,vectorized_w_cpy,10,5360000
4194304,dace_icx,vectorized_wo_cpy,10,5456000
4194304,dace_icx,baseline,11,7611000
4194304,dace_icx,vectorized_w_cpy,11,5338000
4194304,dace_icx,vectorized_wo_cpy,11,5419000
4194304,dace_icx,baseline,12,7443000
4194304,dace_icx,vectorized_w_cpy,12,5419000
4194304,dace_icx,vectorized_wo_cpy,12,5440000
4194304,dace_icx,baseline,13,7443000
4194304,dace_icx,vectorized_w_cpy,13,5389000
4194304,dace_icx,vectorized_wo_cpy,13,5466000
4194304,dace_icx,baseline,14,7476000
4194304,dace_icx,vectorized_w_cpy,14,5388000
4194304,dace_icx,vectorized_wo_cpy,14,5429000
4194304,dace_icx,baseline,15,7490000
4194304,dace_icx,vectorized_w_cpy,15,5367000
4194304,dace_icx,vectorized_wo_cpy,15,5424000
4194304,dace_icx,baseline,16,7509000
4194304,dace_icx,vectorized_w_cpy,16,5400000
4194304,dace_icx,vectorized_wo_cpy,16,5475000
4194304,dace_icx,baseline,17,7522000
4194304,dace_icx,vectorized_w_cpy,17,5418000
4194304,dace_icx,vectorized_wo_cpy,17,5458000
4194304,dace_icx,baseline,18,7477000
4194304,dace_icx,vectorized_w_cpy,18,5421000
4194304,dace_icx,vectorized_wo_cpy,18,5383000
4194304,dace_icx,baseline,19,7460000
4194304,dace_icx,vectorized_w_cpy,19,5355000
4194304,dace_icx,vectorized_wo_cpy,19,5490000
4194304,dace_icx,baseline,20,7525000
4194304,dace_icx,vectorized_w_cpy,20,5373000
4194304,dace_icx,vectorized_wo_cpy,20,5397000
4194304,dace_icx,baseline,21,7444000
4194304,dace_icx,vectorized_w_cpy,21,5352000
4194304,dace_icx,vectorized_wo_cpy,21,5408000
4194304,dace_icx,baseline,22,7428000
4194304,dace_icx,vectorized_w_cpy,22,5343000
4194304,dace_icx,vectorized_wo_cpy,22,5472000
4194304,dace_icx,baseline,23,7493000
4194304,dace_icx,vectorized_w_cpy,23,5351000
4194304,dace_icx,vectorized_wo_cpy,23,5415000
4194304,dace_icx,baseline,24,7489000
4194304,dace_icx,vectorized_w_cpy,24,5367000
4194304,dace_icx,vectorized_wo_cpy,24,5420000
4194304,dace_icx,baseline,25,7462000
4194304,dace_icx,vectorized_w_cpy,25,5378000
4194304,dace_icx,vectorized_wo_cpy,25,5366000
4194304,dace_icx,baseline,26,7434000
4194304,dace_icx,vectorized_w_cpy,26,5448000
4194304,dace_icx,vectorized_wo_cpy,26,5425000
4194304,dace_icx,baseline,27,7458000
4194304,dace_icx,vectorized_w_cpy,27,5392000
4194304,dace_icx,vectorized_wo_cpy,27,5434000
4194304,dace_icx,baseline,28,7481000
4194304,dace_icx,vectorized_w_cpy,28,5354000
4194304,dace_icx,vectorized_wo_cpy,28,5404000
4194304,dace_icx,baseline,29,7461000
4194304,dace_icx,vectorized_w_cpy,29,5345000
4194304,dace_icx,vectorized_wo_cpy,29,5431000
4194304,dace_icx,baseline,30,7498000
4194304,dace_icx,vectorized_w_cpy,30,5349000
4194304,dace_icx,vectorized_wo_cpy,30,5462000
4194304,dace_icx,baseline,31,7528000
4194304,dace_icx,vectorized_w_cpy,31,5395000
4194304,dace_icx,vectorized_wo_cpy,31,5501000
4194304,dace_icx,baseline,32,7505000
4194304,dace_icx,vectorized_w_cpy,32,5341000
4194304,dace_icx,vectorized_wo_cpy,32,5492000
4194304,dace_icx,baseline,33,7491000
4194304,dace_icx,vectorized_w_cpy,33,5436000
4194304,dace_icx,vectorized_wo_cpy,33,5451000
4194304,dace_icx,baseline,34,7464000
4194304,dace_icx,vectorized_w_cpy,34,5352000
4194304,dace_icx,vectorized_wo_cpy,34,5506000
4194304,dace_icx,baseline,35,7511000
4194304,dace_icx,vectorized_w_cpy,35,5392000
4194304,dace_icx,vectorized_wo_cpy,35,5472000
4194304,dace_icx,baseline,36,7502000
4194304,dace_icx,vectorized_w_cpy,36,5392000
4194304,dace_icx,vectorized_wo_cpy,36,5469000
4194304,dace_icx,baseline,37,7493000
4194304,dace_icx,vectorized_w_cpy,37,5348000
4194304,dace_icx,vectorized_wo_cpy,37,5407000
4194304,dace_icx,baseline,38,7591000
4194304,dace_icx,vectorized_w_cpy,38,5420000
4194304,dace_icx,vectorized_wo_cpy,38,5440000
4194304,dace_icx,baseline,39,7579000
4194304,dace_icx,vectorized_w_cpy,39,5411000
4194304,dace_icx,vectorized_wo_cpy,39,5459000
4194304,dace_icx,baseline,40,7524000
4194304,dace_icx,vectorized_w_cpy,40,5367000
4194304,dace_icx,vectorized_wo_cpy,40,5403000
4194304,dace_icx,baseline,41,7392000
4194304,dace_icx,vectorized_w_cpy,41,5364000
4194304,dace_icx,vectorized_wo_cpy,41,5416000
4194304,dace_icx,baseline,42,7426000
4194304,dace_icx,vectorized_w_cpy,42,5357000
4194304,dace_icx,vectorized_wo_cpy,42,5392000
4194304,dace_icx,baseline,43,7535000
4194304,dace_icx,vectorized_w_cpy,43,5427000
4194304,dace_icx,vectorized_wo_cpy,43,5359000
4194304,dace_icx,baseline,44,7448000
4194304,dace_icx,vectorized_w_cpy,44,5363000
4194304,dace_icx,vectorized_wo_cpy,44,5448000
4194304,dace_icx,baseline,45,7441000
4194304,dace_icx,vectorized_w_cpy,45,5387000
4194304,dace_icx,vectorized_wo_cpy,45,5494000
4194304,dace_icx,baseline,46,7476000
4194304,dace_icx,vectorized_w_cpy,46,5376000
4194304,dace_icx,vectorized_wo_cpy,46,5372000
4194304,dace_icx,baseline,47,7554000
4194304,dace_icx,vectorized_w_cpy,47,5360000
4194304,dace_icx,vectorized_wo_cpy,47,5440000
4194304,dace_icx,baseline,48,7463000
4194304,dace_icx,vectorized_w_cpy,48,5351000
4194304,dace_icx,vectorized_wo_cpy,48,5420000
4194304,dace_icx,baseline,49,7467000
4194304,dace_icx,vectorized_w_cpy,49,5408000
4194304,dace_icx,vectorized_wo_cpy,49,5479000
4194304,icpx,vec,0,5753508
4194304,icpx,novec,0,25348498
4194304,icpx,vec,1,5168485
4194304,icpx,novec,1,25337588
4194304,icpx,vec,2,5154715
4194304,icpx,novec,2,24999500
4194304,icpx,vec,3,5157755
4194304,icpx,novec,3,24816397
4194304,icpx,vec,4,5131495
4194304,icpx,novec,4,24875248
4194304,icpx,vec,5,5152386
4194304,icpx,novec,5,24984271
4194304,icpx,vec,6,5158605
4194304,icpx,novec,6,24883548
4194304,icpx,vec,7,5154115
4194304,icpx,novec,7,24848887
4194304,icpx,vec,8,5150825
4194304,icpx,novec,8,25011471
4194304,icpx,vec,9,5157585
4194304,icpx,novec,9,24842257
4194304,icpx,vec,10,5150585
4194304,icpx,novec,10,24960959
4194304,icpx,vec,11,5193866
4194304,icpx,novec,11,25073762
4194304,icpx,vec,12,5155305
4194304,icpx,novec,12,24936059
4194304,icpx,vec,13,5146415
4194304,icpx,novec,13,24849027
4194304,icpx,vec,14,5181916
4194304,icpx,novec,14,25010330
4194304,icpx,vec,15,5191966
4194304,icpx,novec,15,25280116
4194304,icpx,vec,16,5154825
4194304,icpx,novec,16,24915759
4194304,icpx,vec,17,5168856
4194304,icpx,novec,17,25001511
4194304,icpx,vec,18,5152955
4194304,icpx,novec,18,24804407
4194304,icpx,vec,19,5148765
4194304,icpx,novec,19,24995651
4194304,icpx,vec,20,5185726
4194304,icpx,novec,20,24968570
4194304,icpx,vec,21,5165115
4194304,icpx,novec,21,24827127
4194304,icpx,vec,22,5150005
4194304,icpx,novec,22,24834447
4194304,icpx,vec,23,5163635
4194304,icpx,novec,23,24989400
4194304,icpx,vec,24,5162366
4194304,icpx,novec,24,24940639
4194304,icpx,vec,25,5152045
4194304,icpx,novec,25,24869848
4194304,icpx,vec,26,5159686
4194304,icpx,novec,26,25070132
4194304,icpx,vec,27,5178906
4194304,icpx,novec,27,25054712
4194304,icpx,vec,28,5173155
4194304,icpx,novec,28,24859857
4194304,icpx,vec,29,5167395
4194304,icpx,novec,29,25367328
4194304,icpx,vec,30,5167456
4194304,icpx,novec,30,24842867
4194304,icpx,vec,31,5157426
4194304,icpx,novec,31,24955220
4194304,icpx,vec,32,5155945
4194304,icpx,novec,32,25023721
4194304,icpx,vec,33,5174646
4194304,icpx,novec,33,24819017
4194304,icpx,vec,34,5157566
4194304,icpx,novec,34,24847938
4194304,icpx,vec,35,5166666
4194304,icpx,novec,35,24945749
4194304,icpx,vec,36,5167596
4194304,icpx,novec,36,24953919
4194304,icpx,vec,37,5144705
4194304,icpx,novec,37,24892729
4194304,icpx,vec,38,5178325
4194304,icpx,novec,38,25023291
4194304,icpx,vec,39,5164765
4194304,icpx,novec,39,24850657
4194304,icpx,vec,40,5150945
4194304,icpx,novec,40,25018291
4194304,icpx,vec,41,5173566
4194304,icpx,novec,41,25029691
4194304,icpx,vec,42,5173345
4194304,icpx,novec,42,24874198
4194304,icpx,vec,43,5149375
4194304,icpx,novec,43,24892028
4194304,icpx,vec,44,5160046
4194304,icpx,novec,44,25014511
4194304,icpx,vec,45,5156736
4194304,icpx,novec,45,25301976
4194304,icpx,vec,46,5146776
4194304,icpx,novec,46,24885968
4194304,icpx,vec,47,5168626
4194304,icpx,novec,47,25022851
4194304,icpx,vec,48,5170126
4194304,icpx,novec,48,24983440
4194304,icpx,vec,49,5153085
4194304,icpx,novec,49,25043142
8388608,dace_icx,baseline,0,13772000
8388608,dace_icx,vectorized_w_cpy,0,10904000
8388608,dace_icx,vectorized_wo_cpy,0,10487000
8388608,dace_icx,baseline,1,13988000
8388608,dace_icx,vectorized_w_cpy,1,10327000
8388608,dace_icx,vectorized_wo_cpy,1,10520000
8388608,dace_icx,baseline,2,13933000
8388608,dace_icx,vectorized_w_cpy,2,10893000
8388608,dace_icx,vectorized_wo_cpy,2,10522000
8388608,dace_icx,baseline,3,14065000
8388608,dace_icx,vectorized_w_cpy,3,10318000
8388608,dace_icx,vectorized_wo_cpy,3,10566000
8388608,dace_icx,baseline,4,13987000
8388608,dace_icx,vectorized_w_cpy,4,10846000
8388608,dace_icx,vectorized_wo_cpy,4,10563000
8388608,dace_icx,baseline,5,14106000
8388608,dace_icx,vectorized_w_cpy,5,10270000
8388608,dace_icx,vectorized_wo_cpy,5,10494000
8388608,dace_icx,baseline,6,13950000
8388608,dace_icx,vectorized_w_cpy,6,10828000
8388608,dace_icx,vectorized_wo_cpy,6,10521000
8388608,dace_icx,baseline,7,13971000
8388608,dace_icx,vectorized_w_cpy,7,10291000
8388608,dace_icx,vectorized_wo_cpy,7,10544000
8388608,dace_icx,baseline,8,14005000
8388608,dace_icx,vectorized_w_cpy,8,10876000
8388608,dace_icx,vectorized_wo_cpy,8,10531000
8388608,dace_icx,baseline,9,13967000
8388608,dace_icx,vectorized_w_cpy,9,10320000
8388608,dace_icx,vectorized_wo_cpy,9,10519000
8388608,dace_icx,baseline,10,13974000
8388608,dace_icx,vectorized_w_cpy,10,10853000
8388608,dace_icx,vectorized_wo_cpy,10,10538000
8388608,dace_icx,baseline,11,14161000
8388608,dace_icx,vectorized_w_cpy,11,10359000
8388608,dace_icx,vectorized_wo_cpy,11,10540000
8388608,dace_icx,baseline,12,13907000
8388608,dace_icx,vectorized_w_cpy,12,10987000
8388608,dace_icx,vectorized_wo_cpy,12,10531000
8388608,dace_icx,baseline,13,14022000
8388608,dace_icx,vectorized_w_cpy,13,10285000
8388608,dace_icx,vectorized_wo_cpy,13,10564000
8388608,dace_icx,baseline,14,14016000
8388608,dace_icx,vectorized_w_cpy,14,10867000
8388608,dace_icx,vectorized_wo_cpy,14,10495000
8388608,dace_icx,baseline,15,14153000
8388608,dace_icx,vectorized_w_cpy,15,10294000
8388608,dace_icx,vectorized_wo_cpy,15,10502000
8388608,dace_icx,baseline,16,14108000
8388608,dace_icx,vectorized_w_cpy,16,10976000
8388608,dace_icx,vectorized_wo_cpy,16,10551000
8388608,dace_icx,baseline,17,14128000
8388608,dace_icx,vectorized_w_cpy,17,10334000
8388608,dace_icx,vectorized_wo_cpy,17,10495000
8388608,dace_icx,baseline,18,13932000
8388608,dace_icx,vectorized_w_cpy,18,10896000
8388608,dace_icx,vectorized_wo_cpy,18,10531000
8388608,dace_icx,baseline,19,14059000
8388608,dace_icx,vectorized_w_cpy,19,10311000
8388608,dace_icx,vectorized_wo_cpy,19,10511000
8388608,dace_icx,baseline,20,13917000
8388608,dace_icx,vectorized_w_cpy,20,10813000
8388608,dace_icx,vectorized_wo_cpy,20,10480000
8388608,dace_icx,baseline,21,14049000
8388608,dace_icx,vectorized_w_cpy,21,10344000
8388608,dace_icx,vectorized_wo_cpy,21,10545000
8388608,dace_icx,baseline,22,13956000
8388608,dace_icx,vectorized_w_cpy,22,10926000
8388608,dace_icx,vectorized_wo_cpy,22,10545000
8388608,dace_icx,baseline,23,14094000
8388608,dace_icx,vectorized_w_cpy,23,10334000
8388608,dace_icx,vectorized_wo_cpy,23,10650000
8388608,dace_icx,baseline,24,13920000
8388608,dace_icx,vectorized_w_cpy,24,10826000
8388608,dace_icx,vectorized_wo_cpy,24,10538000
8388608,dace_icx,baseline,25,14134000
8388608,dace_icx,vectorized_w_cpy,25,10334000
8388608,dace_icx,vectorized_wo_cpy,25,10505000
8388608,dace_icx,baseline,26,13929000
8388608,dace_icx,vectorized_w_cpy,26,10829000
8388608,dace_icx,vectorized_wo_cpy,26,10575000
8388608,dace_icx,baseline,27,14169000
8388608,dace_icx,vectorized_w_cpy,27,10323000
8388608,dace_icx,vectorized_wo_cpy,27,10536000
8388608,dace_icx,baseline,28,14011000
8388608,dace_icx,vectorized_w_cpy,28,10914000
8388608,dace_icx,vectorized_wo_cpy,28,10494000
8388608,dace_icx,baseline,29,14084000
8388608,dace_icx,vectorized_w_cpy,29,10290000
8388608,dace_icx,vectorized_wo_cpy,29,10520000
8388608,dace_icx,baseline,30,14011000
8388608,dace_icx,vectorized_w_cpy,30,10911000
8388608,dace_icx,vectorized_wo_cpy,30,10589000
8388608,dace_icx,baseline,31,14068000
8388608,dace_icx,vectorized_w_cpy,31,10365000
8388608,dace_icx,vectorized_wo_cpy,31,10510000
8388608,dace_icx,baseline,32,13960000
8388608,dace_icx,vectorized_w_cpy,32,10932000
8388608,dace_icx,vectorized_wo_cpy,32,10506000
8388608,dace_icx,baseline,33,14087000
8388608,dace_icx,vectorized_w_cpy,33,10325000
8388608,dace_icx,vectorized_wo_cpy,33,10583000
8388608,dace_icx,baseline,34,13930000
8388608,dace_icx,vectorized_w_cpy,34,10931000
8388608,dace_icx,vectorized_wo_cpy,34,10533000
8388608,dace_icx,baseline,35,14269000
8388608,dace_icx,vectorized_w_cpy,35,10346000
8388608,dace_icx,vectorized_wo_cpy,35,10539000
8388608,dace_icx,baseline,36,13927000
8388608,dace_icx,vectorized_w_cpy,36,10875000
8388608,dace_icx,vectorized_wo_cpy,36,10572000
8388608,dace_icx,baseline,37,14007000
8388608,dace_icx,vectorized_w_cpy,37,10331000
8388608,dace_icx,vectorized_wo_cpy,37,10609000
8388608,dace_icx,baseline,38,13923000
8388608,dace_icx,vectorized_w_cpy,38,10901000
8388608,dace_icx,vectorized_wo_cpy,38,10552000
8388608,dace_icx,baseline,39,14084000
8388608,dace_icx,vectorized_w_cpy,39,10294000
8388608,dace_icx,vectorized_wo_cpy,39,10542000
8388608,dace_icx,baseline,40,13938000
8388608,dace_icx,vectorized_w_cpy,40,10873000
8388608,dace_icx,vectorized_wo_cpy,40,10543000
8388608,dace_icx,baseline,41,14088000
8388608,dace_icx,vectorized_w_cpy,41,10354000
8388608,dace_icx,vectorized_wo_cpy,41,10547000
8388608,dace_icx,baseline,42,14148000
8388608,dace_icx,vectorized_w_cpy,42,10909000
8388608,dace_icx,vectorized_wo_cpy,42,10535000
8388608,dace_icx,baseline,43,14150000
8388608,dace_icx,vectorized_w_cpy,43,10314000
8388608,dace_icx,vectorized_wo_cpy,43,10560000
8388608,dace_icx,baseline,44,14164000
8388608,dace_icx,vectorized_w_cpy,44,10928000
8388608,dace_icx,vectorized_wo_cpy,44,10578000
8388608,dace_icx,baseline,45,14199000
8388608,dace_icx,vectorized_w_cpy,45,10354000
8388608,dace_icx,vectorized_wo_cpy,45,10527000
8388608,dace_icx,baseline,46,14037000
8388608,dace_icx,vectorized_w_cpy,46,10846000
8388608,dace_icx,vectorized_wo_cpy,46,10537000
8388608,dace_icx,baseline,47,14014000
8388608,dace_icx,vectorized_w_cpy,47,10326000
8388608,dace_icx,vectorized_wo_cpy,47,10597000
8388608,dace_icx,baseline,48,13929000
8388608,dace_icx,vectorized_w_cpy,48,11060000
8388608,dace_icx,vectorized_wo_cpy,48,10528000
8388608,dace_icx,baseline,49,14041000
8388608,dace_icx,vectorized_w_cpy,49,10350000
8388608,dace_icx,vectorized_wo_cpy,49,10555000
8388608,icpx,vec,0,10799550
8388608,icpx,novec,0,51906570
8388608,icpx,vec,1,10489924
8388608,icpx,novec,1,51252646
8388608,icpx,vec,2,10467104
8388608,icpx,novec,2,52391659
8388608,icpx,vec,3,10306181
8388608,icpx,novec,3,51713826
8388608,icpx,vec,4,10472244
8388608,icpx,novec,4,51037393
8388608,icpx,vec,5,10474404
8388608,icpx,novec,5,52396510
8388608,icpx,vec,6,10350601
8388608,icpx,novec,6,51685425
8388608,icpx,vec,7,10481734
8388608,icpx,novec,7,51231466
8388608,icpx,vec,8,10495915
8388608,icpx,novec,8,52479311
8388608,icpx,vec,9,10343872
8388608,icpx,novec,9,51786138
8388608,icpx,vec,10,10538645
8388608,icpx,novec,10,51258116
8388608,icpx,vec,11,10510124
8388608,icpx,novec,11,52530982
8388608,icpx,vec,12,10343771
8388608,icpx,novec,12,51620504
8388608,icpx,vec,13,10457994
8388608,icpx,novec,13,51153315
8388608,icpx,vec,14,10473945
8388608,icpx,novec,14,52440251
8388608,icpx,vec,15,10315921
8388608,icpx,novec,15,51719786
8388608,icpx,vec,16,10506424
8388608,icpx,novec,16,51072853
8388608,icpx,vec,17,10480104
8388608,icpx,novec,17,52339649
8388608,icpx,vec,18,10325601
8388608,icpx,novec,18,51537753
8388608,icpx,vec,19,10492184
8388608,icpx,novec,19,51212056
8388608,icpx,vec,20,10496315
8388608,icpx,novec,20,53189446
8388608,icpx,vec,21,10345391
8388608,icpx,novec,21,51768807
8388608,icpx,vec,22,10484144
8388608,icpx,novec,22,50956980
8388608,icpx,vec,23,10483494
8388608,icpx,novec,23,52351119
8388608,icpx,vec,24,10297400
8388608,icpx,novec,24,52429751
8388608,icpx,vec,25,10485285
8388608,icpx,novec,25,51205916
8388608,icpx,vec,26,10503345
8388608,icpx,novec,26,53185266
8388608,icpx,vec,27,10341131
8388608,icpx,novec,27,51758367
8388608,icpx,vec,28,10465194
8388608,icpx,novec,28,51157395
8388608,icpx,vec,29,10506234
8388608,icpx,novec,29,52402740
8388608,icpx,vec,30,10321741
8388608,icpx,novec,30,51729506
8388608,icpx,vec,31,10483764
8388608,icpx,novec,31,51390649
8388608,icpx,vec,32,10461033
8388608,icpx,novec,32,52363929
8388608,icpx,vec,33,10363612
8388608,icpx,novec,33,51977901
8388608,icpx,vec,34,10484064
8388608,icpx,novec,34,51158705
8388608,icpx,vec,35,10495024
8388608,icpx,novec,35,53265688
8388608,icpx,vec,36,10368322
8388608,icpx,novec,36,51566553
8388608,icpx,vec,37,10514825
8388608,icpx,novec,37,52049483
8388608,icpx,vec,38,10469753
8388608,icpx,novec,38,52303668
8388608,icpx,vec,39,10358501
8388608,icpx,novec,39,51784388
8388608,icpx,vec,40,10489063
8388608,icpx,novec,40,51800548
8388608,icpx,vec,41,10485154
8388608,icpx,novec,41,52386260
8388608,icpx,vec,42,10347662
8388608,icpx,novec,42,51690706
8388608,icpx,vec,43,10474124
8388608,icpx,novec,43,51352858
8388608,icpx,vec,44,10487924
8388608,icpx,novec,44,52213496
8388608,icpx,vec,45,10317360
8388608,icpx,novec,45,51806848
8388608,icpx,vec,46,10499584
8388608,icpx,novec,46,51021662
8388608,icpx,vec,47,10482664
8388608,icpx,novec,47,53280988
8388608,icpx,vec,48,10341601
8388608,icpx,novec,48,52456001
8388608,icpx,vec,49,10494295
8388608,icpx,novec,49,51075723
16777216,dace_icx,baseline,0,29307000
16777216,dace_icx,vectorized_w_cpy,0,21450000
16777216,dace_icx,vectorized_wo_cpy,0,20044000
16777216,dace_icx,baseline,1,29556000
16777216,dace_icx,vectorized_w_cpy,1,20491000
16777216,dace_icx,vectorized_wo_cpy,1,20071000
16777216,dace_icx,baseline,2,28532000
16777216,dace_icx,vectorized_w_cpy,2,21478000
16777216,dace_icx,vectorized_wo_cpy,2,20104000
16777216,dace_icx,baseline,3,29651000
16777216,dace_icx,vectorized_w_cpy,3,20424000
16777216,dace_icx,vectorized_wo_cpy,3,20160000
16777216,dace_icx,baseline,4,28482000
16777216,dace_icx,vectorized_w_cpy,4,21491000
16777216,dace_icx,vectorized_wo_cpy,4,20124000
16777216,dace_icx,baseline,5,29646000
16777216,dace_icx,vectorized_w_cpy,5,20419000
16777216,dace_icx,vectorized_wo_cpy,5,20150000
16777216,dace_icx,baseline,6,28665000
16777216,dace_icx,vectorized_w_cpy,6,21377000
16777216,dace_icx,vectorized_wo_cpy,6,20131000
16777216,dace_icx,baseline,7,29516000
16777216,dace_icx,vectorized_w_cpy,7,20407000
16777216,dace_icx,vectorized_wo_cpy,7,20074000
16777216,dace_icx,baseline,8,28620000
16777216,dace_icx,vectorized_w_cpy,8,21471000
16777216,dace_icx,vectorized_wo_cpy,8,20109000
16777216,dace_icx,baseline,9,29356000
16777216,dace_icx,vectorized_w_cpy,9,20451000
16777216,dace_icx,vectorized_wo_cpy,9,20059000
16777216,dace_icx,baseline,10,28342000
16777216,dace_icx,vectorized_w_cpy,10,21361000
16777216,dace_icx,vectorized_wo_cpy,10,20154000
16777216,dace_icx,baseline,11,29462000
16777216,dace_icx,vectorized_w_cpy,11,20435000
16777216,dace_icx,vectorized_wo_cpy,11,20011000
16777216,dace_icx,baseline,12,28409000
16777216,dace_icx,vectorized_w_cpy,12,21424000
16777216,dace_icx,vectorized_wo_cpy,12,20148000
16777216,dace_icx,baseline,13,29565000
16777216,dace_icx,vectorized_w_cpy,13,20439000
16777216,dace_icx,vectorized_wo_cpy,13,20121000
16777216,dace_icx,baseline,14,28318000
16777216,dace_icx,vectorized_w_cpy,14,21429000
16777216,dace_icx,vectorized_wo_cpy,14,20113000
16777216,dace_icx,baseline,15,29751000
16777216,dace_icx,vectorized_w_cpy,15,20433000
16777216,dace_icx,vectorized_wo_cpy,15,20230000
16777216,dace_icx,baseline,16,28384000
16777216,dace_icx,vectorized_w_cpy,16,21477000
16777216,dace_icx,vectorized_wo_cpy,16,20126000
16777216,dace_icx,baseline,17,29674000
16777216,dace_icx,vectorized_w_cpy,17,20404000
16777216,dace_icx,vectorized_wo_cpy,17,20150000
16777216,dace_icx,baseline,18,28319000
16777216,dace_icx,vectorized_w_cpy,18,21382000
16777216,dace_icx,vectorized_wo_cpy,18,20097000
16777216,dace_icx,baseline,19,29504000
16777216,dace_icx,vectorized_w_cpy,19,20502000
16777216,dace_icx,vectorized_wo_cpy,19,20046000
16777216,dace_icx,baseline,20,28245000
16777216,dace_icx,vectorized_w_cpy,20,21459000
16777216,dace_icx,vectorized_wo_cpy,20,20104000
16777216,dace_icx,baseline,21,29345000
16777216,dace_icx,vectorized_w_cpy,21,20400000
16777216,dace_icx,vectorized_wo_cpy,21,20047000
16777216,dace_icx,baseline,22,28453000
16777216,dace_icx,vectorized_w_cpy,22,21404000
16777216,dace_icx,vectorized_wo_cpy,22,20074000
16777216,dace_icx,baseline,23,29593000
16777216,dace_icx,vectorized_w_cpy,23,20401000
16777216,dace_icx,vectorized_wo_cpy,23,20195000
16777216,dace_icx,baseline,24,28376000
16777216,dace_icx,vectorized_w_cpy,24,21548000
16777216,dace_icx,vectorized_wo_cpy,24,20093000
16777216,dace_icx,baseline,25,29587000
16777216,dace_icx,vectorized_w_cpy,25,20484000
16777216,dace_icx,vectorized_wo_cpy,25,20080000
16777216,dace_icx,baseline,26,28166000
16777216,dace_icx,vectorized_w_cpy,26,21394000
16777216,dace_icx,vectorized_wo_cpy,26,20203000
16777216,dace_icx,baseline,27,29866000
16777216,dace_icx,vectorized_w_cpy,27,20440000
16777216,dace_icx,vectorized_wo_cpy,27,20079000
16777216,dace_icx,baseline,28,28358000
16777216,dace_icx,vectorized_w_cpy,28,21462000
16777216,dace_icx,vectorized_wo_cpy,28,20182000
16777216,dace_icx,baseline,29,29566000
16777216,dace_icx,vectorized_w_cpy,29,20479000
16777216,dace_icx,vectorized_wo_cpy,29,20071000
16777216,dace_icx,baseline,30,28233000
16777216,dace_icx,vectorized_w_cpy,30,21528000
16777216,dace_icx,vectorized_wo_cpy,30,20138000
16777216,dace_icx,baseline,31,29536000
16777216,dace_icx,vectorized_w_cpy,31,20496000
16777216,dace_icx,vectorized_wo_cpy,31,20078000
16777216,dace_icx,baseline,32,28394000
16777216,dace_icx,vectorized_w_cpy,32,21520000
16777216,dace_icx,vectorized_wo_cpy,32,20111000
16777216,dace_icx,baseline,33,29533000
16777216,dace_icx,vectorized_w_cpy,33,20534000
16777216,dace_icx,vectorized_wo_cpy,33,20190000
16777216,dace_icx,baseline,34,28455000
16777216,dace_icx,vectorized_w_cpy,34,21506000
16777216,dace_icx,vectorized_wo_cpy,34,20037000
16777216,dace_icx,baseline,35,29368000
16777216,dace_icx,vectorized_w_cpy,35,20394000
16777216,dace_icx,vectorized_wo_cpy,35,20113000
16777216,dace_icx,baseline,36,28344000
16777216,dace_icx,vectorized_w_cpy,36,21459000
16777216,dace_icx,vectorized_wo_cpy,36,20153000
16777216,dace_icx,baseline,37,29620000
16777216,dace_icx,vectorized_w_cpy,37,20431000
16777216,dace_icx,vectorized_wo_cpy,37,20061000
16777216,dace_icx,baseline,38,28514000
16777216,dace_icx,vectorized_w_cpy,38,21444000
16777216,dace_icx,vectorized_wo_cpy,38,20072000
16777216,dace_icx,baseline,39,29708000
16777216,dace_icx,vectorized_w_cpy,39,20519000
16777216,dace_icx,vectorized_wo_cpy,39,20199000
16777216,dace_icx,baseline,40,28228000
16777216,dace_icx,vectorized_w_cpy,40,21452000
16777216,dace_icx,vectorized_wo_cpy,40,20068000
16777216,dace_icx,baseline,41,29250000
16777216,dace_icx,vectorized_w_cpy,41,20412000
16777216,dace_icx,vectorized_wo_cpy,41,20087000
16777216,dace_icx,baseline,42,28581000
16777216,dace_icx,vectorized_w_cpy,42,21483000
16777216,dace_icx,vectorized_wo_cpy,42,20203000
16777216,dace_icx,baseline,43,29527000
16777216,dace_icx,vectorized_w_cpy,43,20448000
16777216,dace_icx,vectorized_wo_cpy,43,20182000
16777216,dace_icx,baseline,44,28506000
16777216,dace_icx,vectorized_w_cpy,44,21626000
16777216,dace_icx,vectorized_wo_cpy,44,20018000
16777216,dace_icx,baseline,45,29631000
16777216,dace_icx,vectorized_w_cpy,45,20374000
16777216,dace_icx,vectorized_wo_cpy,45,20101000
16777216,dace_icx,baseline,46,28402000
16777216,dace_icx,vectorized_w_cpy,46,21447000
16777216,dace_icx,vectorized_wo_cpy,46,20066000
16777216,dace_icx,baseline,47,29700000
16777216,dace_icx,vectorized_w_cpy,47,20462000
16777216,dace_icx,vectorized_wo_cpy,47,20069000
16777216,dace_icx,baseline,48,28490000
16777216,dace_icx,vectorized_w_cpy,48,21451000
16777216,dace_icx,vectorized_wo_cpy,48,20086000
16777216,dace_icx,baseline,49,29618000
16777216,dace_icx,vectorized_w_cpy,49,20421000
16777216,dace_icx,vectorized_wo_cpy,49,20057000
16777216,icpx,vec,0,21401037
16777216,icpx,novec,0,99018022
16777216,icpx,vec,1,20243453
16777216,icpx,novec,1,103687318
16777216,icpx,vec,2,20000498
16777216,icpx,novec,2,98545193
16777216,icpx,vec,3,20991659
16777216,icpx,novec,3,98534152
16777216,icpx,vec,4,20026049
16777216,icpx,novec,4,103300580
16777216,icpx,vec,5,19974468
16777216,icpx,novec,5,97845848
16777216,icpx,vec,6,21039109
16777216,icpx,novec,6,98268597
16777216,icpx,vec,7,20067490
16777216,icpx,novec,7,104270599
16777216,icpx,vec,8,19988878
16777216,icpx,novec,8,98846778
16777216,icpx,vec,9,21066060
16777216,icpx,novec,9,98405020
16777216,icpx,vec,10,20071289
16777216,icpx,novec,10,104347882
16777216,icpx,vec,11,19961058
16777216,icpx,novec,11,99081693
16777216,icpx,vec,12,21038280
16777216,icpx,novec,12,98277727
16777216,icpx,vec,13,20037920
16777216,icpx,novec,13,103165477
16777216,icpx,vec,14,19979328
16777216,icpx,novec,14,98469081
16777216,icpx,vec,15,21095131
16777216,icpx,novec,15,99341198
16777216,icpx,vec,16,20056769
16777216,icpx,novec,16,103462364
16777216,icpx,vec,17,20003679
16777216,icpx,novec,17,98262487
16777216,icpx,vec,18,21049210
16777216,icpx,novec,18,98136254
16777216,icpx,vec,19,20084590
16777216,icpx,novec,19,102880181
16777216,icpx,vec,20,20052200
16777216,icpx,novec,20,98359939
16777216,icpx,vec,21,21048970
16777216,icpx,novec,21,98084623
16777216,icpx,vec,22,20074920
16777216,icpx,novec,22,102977943
16777216,icpx,vec,23,19983028
16777216,icpx,novec,23,98270747
16777216,icpx,vec,24,21023840
16777216,icpx,novec,24,98277298
16777216,icpx,vec,25,20071350
16777216,icpx,novec,25,103141276
16777216,icpx,vec,26,19988759
16777216,icpx,novec,26,99112615
16777216,icpx,vec,27,21019250
16777216,icpx,novec,27,98439660
16777216,icpx,vec,28,20046820
16777216,icpx,novec,28,103051625
16777216,icpx,vec,29,20010649
16777216,icpx,novec,29,98555873
16777216,icpx,vec,30,21047749
16777216,icpx,novec,30,98954161
16777216,icpx,vec,31,20035399
16777216,icpx,novec,31,102936433
16777216,icpx,vec,32,20010828
16777216,icpx,novec,32,98400409
16777216,icpx,vec,33,21035960
16777216,icpx,novec,33,98949321
16777216,icpx,vec,34,20049529
16777216,icpx,novec,34,104353042
16777216,icpx,vec,35,19975258
16777216,icpx,novec,35,99114684
16777216,icpx,vec,36,21030140
16777216,icpx,novec,36,99163975
16777216,icpx,vec,37,20046410
16777216,icpx,novec,37,104305950
16777216,icpx,vec,38,20010328
16777216,icpx,novec,38,98286757
16777216,icpx,vec,39,21069600
16777216,icpx,novec,39,99034063
16777216,icpx,vec,40,20098971
16777216,icpx,novec,40,103226678
16777216,icpx,vec,41,20000049
16777216,icpx,novec,41,98318718
16777216,icpx,vec,42,21112741
16777216,icpx,novec,42,99080723
16777216,icpx,vec,43,20088310
16777216,icpx,novec,43,104412543
16777216,icpx,vec,44,20014288
16777216,icpx,novec,44,99027843
16777216,icpx,vec,45,21070820
16777216,icpx,novec,45,99055403
16777216,icpx,vec,46,20095741
16777216,icpx,novec,46,103039965
16777216,icpx,vec,47,20006979
16777216,icpx,novec,47,99427201
16777216,icpx,vec,48,21020160
16777216,icpx,novec,48,99230317
16777216,icpx,vec,49,20081140
16777216,icpx,novec,49,103106716
34373632,dace_icx,baseline,0,54771000
34373632,dace_icx,vectorized_w_cpy,0,39764000
34373632,dace_icx,vectorized_wo_cpy,0,40930000
34373632,dace_icx,baseline,1,55086000
34373632,dace_icx,vectorized_w_cpy,1,39736000
34373632,dace_icx,vectorized_wo_cpy,1,39831000
34373632,dace_icx,baseline,2,55001000
34373632,dace_icx,vectorized_w_cpy,2,38647000
34373632,dace_icx,vectorized_wo_cpy,2,39975000
34373632,dace_icx,baseline,3,55177000
34373632,dace_icx,vectorized_w_cpy,3,39698000
34373632,dace_icx,vectorized_wo_cpy,3,40988000
34373632,dace_icx,baseline,4,55067000
34373632,dace_icx,vectorized_w_cpy,4,39721000
34373632,dace_icx,vectorized_wo_cpy,4,41092000
34373632,dace_icx,baseline,5,54824000
34373632,dace_icx,vectorized_w_cpy,5,38557000
34373632,dace_icx,vectorized_wo_cpy,5,40946000
34373632,dace_icx,baseline,6,55181000
34373632,dace_icx,vectorized_w_cpy,6,38568000
34373632,dace_icx,vectorized_wo_cpy,6,41186000
34373632,dace_icx,baseline,7,54819000
34373632,dace_icx,vectorized_w_cpy,7,38523000
34373632,dace_icx,vectorized_wo_cpy,7,40881000
34373632,dace_icx,baseline,8,54778000
34373632,dace_icx,vectorized_w_cpy,8,39744000
34373632,dace_icx,vectorized_wo_cpy,8,41127000
34373632,dace_icx,baseline,9,55235000
34373632,dace_icx,vectorized_w_cpy,9,39594000
34373632,dace_icx,vectorized_wo_cpy,9,39866000
34373632,dace_icx,baseline,10,54730000
34373632,dace_icx,vectorized_w_cpy,10,38646000
34373632,dace_icx,vectorized_wo_cpy,10,40346000
34373632,dace_icx,baseline,11,54713000
34373632,dace_icx,vectorized_w_cpy,11,38516000
34373632,dace_icx,vectorized_wo_cpy,11,41026000
34373632,dace_icx,baseline,12,55302000
34373632,dace_icx,vectorized_w_cpy,12,39750000
34373632,dace_icx,vectorized_wo_cpy,12,40021000
34373632,dace_icx,baseline,13,54831000
34373632,dace_icx,vectorized_w_cpy,13,39907000
34373632,dace_icx,vectorized_wo_cpy,13,40859000
34373632,dace_icx,baseline,14,55144000
34373632,dace_icx,vectorized_w_cpy,14,39192000
34373632,dace_icx,vectorized_wo_cpy,14,40152000
34373632,dace_icx,baseline,15,54865000
34373632,dace_icx,vectorized_w_cpy,15,38492000
34373632,dace_icx,vectorized_wo_cpy,15,40880000
34373632,dace_icx,baseline,16,54891000
34373632,dace_icx,vectorized_w_cpy,16,39807000
34373632,dace_icx,vectorized_wo_cpy,16,40925000
34373632,dace_icx,baseline,17,55036000
34373632,dace_icx,vectorized_w_cpy,17,39621000
34373632,dace_icx,vectorized_wo_cpy,17,41098000
34373632,dace_icx,baseline,18,55025000
34373632,dace_icx,vectorized_w_cpy,18,39670000
34373632,dace_icx,vectorized_wo_cpy,18,40881000
34373632,dace_icx,baseline,19,54892000
34373632,dace_icx,vectorized_w_cpy,19,39654000
34373632,dace_icx,vectorized_wo_cpy,19,40804000
34373632,dace_icx,baseline,20,54948000
34373632,dace_icx,vectorized_w_cpy,20,39693000
34373632,dace_icx,vectorized_wo_cpy,20,40926000
34373632,dace_icx,baseline,21,54703000
34373632,dace_icx,vectorized_w_cpy,21,39602000
34373632,dace_icx,vectorized_wo_cpy,21,40841000
34373632,dace_icx,baseline,22,54837000
34373632,dace_icx,vectorized_w_cpy,22,39817000
34373632,dace_icx,vectorized_wo_cpy,22,40917000
34373632,dace_icx,baseline,23,54846000
34373632,dace_icx,vectorized_w_cpy,23,39736000
34373632,dace_icx,vectorized_wo_cpy,23,41030000
34373632,dace_icx,baseline,24,54687000
34373632,dace_icx,vectorized_w_cpy,24,39763000
34373632,dace_icx,vectorized_wo_cpy,24,39867000
34373632,dace_icx,baseline,25,54681000
34373632,dace_icx,vectorized_w_cpy,25,39818000
34373632,dace_icx,vectorized_wo_cpy,25,41036000
34373632,dace_icx,baseline,26,54981000
34373632,dace_icx,vectorized_w_cpy,26,38657000
34373632,dace_icx,vectorized_wo_cpy,26,39838000
34373632,dace_icx,baseline,27,54962000
34373632,dace_icx,vectorized_w_cpy,27,38575000
34373632,dace_icx,vectorized_wo_cpy,27,39821000
34373632,dace_icx,baseline,28,54811000
34373632,dace_icx,vectorized_w_cpy,28,39720000
34373632,dace_icx,vectorized_wo_cpy,28,39878000
34373632,dace_icx,baseline,29,54961000
34373632,dace_icx,vectorized_w_cpy,29,38454000
34373632,dace_icx,vectorized_wo_cpy,29,41118000
34373632,dace_icx,baseline,30,55005000
34373632,dace_icx,vectorized_w_cpy,30,38647000
34373632,dace_icx,vectorized_wo_cpy,30,39826000
34373632,dace_icx,baseline,31,54994000
34373632,dace_icx,vectorized_w_cpy,31,38471000
34373632,dace_icx,vectorized_wo_cpy,31,40960000
34373632,dace_icx,baseline,32,54979000
34373632,dace_icx,vectorized_w_cpy,32,39763000
34373632,dace_icx,vectorized_wo_cpy,32,40886000
34373632,dace_icx,baseline,33,54973000
34373632,dace_icx,vectorized_w_cpy,33,39706000
34373632,dace_icx,vectorized_wo_cpy,33,40191000
34373632,dace_icx,baseline,34,55273000
34373632,dace_icx,vectorized_w_cpy,34,38624000
34373632,dace_icx,vectorized_wo_cpy,34,40520000
34373632,dace_icx,baseline,35,55071000
34373632,dace_icx,vectorized_w_cpy,35,39678000
34373632,dace_icx,vectorized_wo_cpy,35,40919000
34373632,dace_icx,baseline,36,54841000
34373632,dace_icx,vectorized_w_cpy,36,39670000
34373632,dace_icx,vectorized_wo_cpy,36,40450000
34373632,dace_icx,baseline,37,54849000
34373632,dace_icx,vectorized_w_cpy,37,39715000
34373632,dace_icx,vectorized_wo_cpy,37,41132000
34373632,dace_icx,baseline,38,54934000
34373632,dace_icx,vectorized_w_cpy,38,38597000
34373632,dace_icx,vectorized_wo_cpy,38,39802000
34373632,dace_icx,baseline,39,54803000
34373632,dace_icx,vectorized_w_cpy,39,38492000
34373632,dace_icx,vectorized_wo_cpy,39,40947000
34373632,dace_icx,baseline,40,54914000
34373632,dace_icx,vectorized_w_cpy,40,39950000
34373632,dace_icx,vectorized_wo_cpy,40,39947000
34373632,dace_icx,baseline,41,54786000
34373632,dace_icx,vectorized_w_cpy,41,38550000
34373632,dace_icx,vectorized_wo_cpy,41,39845000
34373632,dace_icx,baseline,42,55163000
34373632,dace_icx,vectorized_w_cpy,42,38622000
34373632,dace_icx,vectorized_wo_cpy,42,41049000
34373632,dace_icx,baseline,43,54724000
34373632,dace_icx,vectorized_w_cpy,43,39756000
34373632,dace_icx,vectorized_wo_cpy,43,40958000
34373632,dace_icx,baseline,44,55166000
34373632,dace_icx,vectorized_w_cpy,44,38739000
34373632,dace_icx,vectorized_wo_cpy,44,40979000
34373632,dace_icx,baseline,45,55370000
34373632,dace_icx,vectorized_w_cpy,45,39220000
34373632,dace_icx,vectorized_wo_cpy,45,40926000
34373632,dace_icx,baseline,46,55253000
34373632,dace_icx,vectorized_w_cpy,46,39741000
34373632,dace_icx,vectorized_wo_cpy,46,40995000
34373632,dace_icx,baseline,47,54683000
34373632,dace_icx,vectorized_w_cpy,47,39810000
34373632,dace_icx,vectorized_wo_cpy,47,40891000
34373632,dace_icx,baseline,48,54784000
34373632,dace_icx,vectorized_w_cpy,48,38674000
34373632,dace_icx,vectorized_wo_cpy,48,40555000
34373632,dace_icx,baseline,49,55668000
34373632,dace_icx,vectorized_w_cpy,49,39520000
34373632,dace_icx,vectorized_wo_cpy,49,40976000
34373632,icpx,vec,0,41847465
34373632,icpx,novec,0,202985485
34373632,icpx,vec,1,40820884
34373632,icpx,novec,1,201935554
34373632,icpx,vec,2,40846485
34373632,icpx,novec,2,201045076
34373632,icpx,vec,3,40741762
34373632,icpx,novec,3,200996795
34373632,icpx,vec,4,40763922
34373632,icpx,novec,4,201955725
34373632,icpx,vec,5,40786353
34373632,icpx,novec,5,201311292
34373632,icpx,vec,6,40743262
34373632,icpx,novec,6,201068636
34373632,icpx,vec,7,40759873
34373632,icpx,novec,7,201091047
34373632,icpx,vec,8,40808783
34373632,icpx,novec,8,200820481
34373632,icpx,vec,9,40763992
34373632,icpx,novec,9,201656669
34373632,icpx,vec,10,40781904
34373632,icpx,novec,10,201386913
34373632,icpx,vec,11,40835254
34373632,icpx,novec,11,200743859
34373632,icpx,vec,12,40827634
34373632,icpx,novec,12,201176179
34373632,icpx,vec,13,40786053
34373632,icpx,novec,13,201979105
34373632,icpx,vec,14,40848145
34373632,icpx,novec,14,201425274
34373632,icpx,vec,15,40794913
34373632,icpx,novec,15,201494895
34373632,icpx,vec,16,40780813
34373632,icpx,novec,16,201648748
34373632,icpx,vec,17,40839444
34373632,icpx,novec,17,201109087
34373632,icpx,vec,18,40808743
34373632,icpx,novec,18,200725119
34373632,icpx,vec,19,40829273
34373632,icpx,novec,19,201575226
34373632,icpx,vec,20,40870034
34373632,icpx,novec,20,200378222
34373632,icpx,vec,21,40778053
34373632,icpx,novec,21,201132177
34373632,icpx,vec,22,40758812
34373632,icpx,novec,22,201902343
34373632,icpx,vec,23,40873745
34373632,icpx,novec,23,200718379
34373632,icpx,vec,24,40731792
34373632,icpx,novec,24,200738960
34373632,icpx,vec,25,40795543
34373632,icpx,novec,25,201293861
34373632,icpx,vec,26,40846734
34373632,icpx,novec,26,201096287
34373632,icpx,vec,27,40814694
34373632,icpx,novec,27,200893212
34373632,icpx,vec,28,40763353
34373632,icpx,novec,28,201401602
34373632,icpx,vec,29,40940016
34373632,icpx,novec,29,200352352
34373632,icpx,vec,30,40756703
34373632,icpx,novec,30,201129168
34373632,icpx,vec,31,40817924
34373632,icpx,novec,31,201479975
34373632,icpx,vec,32,40848495
34373632,icpx,novec,32,200869702
34373632,icpx,vec,33,40743022
34373632,icpx,novec,33,200980784
34373632,icpx,vec,34,40799833
34373632,icpx,novec,34,201678878
34373632,icpx,vec,35,40820334
34373632,icpx,novec,35,201230820
34373632,icpx,vec,36,40764733
34373632,icpx,novec,36,201746301
34373632,icpx,vec,37,40773242
34373632,icpx,novec,37,201277171
34373632,icpx,vec,38,40816304
34373632,icpx,novec,38,201411603
34373632,icpx,vec,39,40733512
34373632,icpx,novec,39,201409513
34373632,icpx,vec,40,40794913
34373632,icpx,novec,40,202091507
34373632,icpx,vec,41,40856994
34373632,icpx,novec,41,201602308
34373632,icpx,vec,42,40790503
34373632,icpx,novec,42,200873642
34373632,icpx,vec,43,40810413
34373632,icpx,novec,43,200908973
34373632,icpx,vec,44,40823314
34373632,icpx,novec,44,200608297
34373632,icpx,vec,45,40812444
34373632,icpx,novec,45,200928374
34373632,icpx,vec,46,40814944
34373632,icpx,novec,46,201257210
34373632,icpx,vec,47,40841934
34373632,icpx,novec,47,201048996
34373632,icpx,vec,48,40790733
34373632,icpx,novec,48,201775651
34373632,icpx,vec,49,40837704
34373632,icpx,novec,49,202623758
4194304,dace_icx,baseline,0,14379000
4194304,dace_icx,vectorized_w_cpy,0,5669000
4194304,dace_icx,vectorized_wo_cpy,0,5766000
4194304,dace_icx,baseline,1,7379000
4194304,dace_icx,vectorized_w_cpy,1,5714000
4194304,dace_icx,vectorized_wo_cpy,1,5718000
4194304,dace_icx,baseline,2,7399000
4194304,dace_icx,vectorized_w_cpy,2,5691000
4194304,dace_icx,vectorized_wo_cpy,2,5751000
4194304,dace_icx,baseline,3,7403000
4194304,dace_icx,vectorized_w_cpy,3,5697000
4194304,dace_icx,vectorized_wo_cpy,3,5754000
4194304,dace_icx,baseline,4,7370000
4194304,dace_icx,vectorized_w_cpy,4,5695000
4194304,dace_icx,vectorized_wo_cpy,4,5809000
4194304,dace_icx,baseline,5,7415000
4194304,dace_icx,vectorized_w_cpy,5,5709000
4194304,dace_icx,vectorized_wo_cpy,5,5765000
4194304,dace_icx,baseline,6,7451000
4194304,dace_icx,vectorized_w_cpy,6,5732000
4194304,dace_icx,vectorized_wo_cpy,6,5794000
4194304,dace_icx,baseline,7,7429000
4194304,dace_icx,vectorized_w_cpy,7,5696000
4194304,dace_icx,vectorized_wo_cpy,7,5825000
4194304,dace_icx,baseline,8,7221000
4194304,dace_icx,vectorized_w_cpy,8,5721000
4194304,dace_icx,vectorized_wo_cpy,8,5846000
4194304,dace_icx,baseline,9,7357000
4194304,dace_icx,vectorized_w_cpy,9,5741000
4194304,dace_icx,vectorized_wo_cpy,9,5865000
4194304,dace_icx,baseline,10,7404000
4194304,dace_icx,vectorized_w_cpy,10,5740000
4194304,dace_icx,vectorized_wo_cpy,10,5834000
4194304,dace_icx,baseline,11,7480000
4194304,dace_icx,vectorized_w_cpy,11,5746000
4194304,dace_icx,vectorized_wo_cpy,11,5916000
4194304,dace_icx,baseline,12,7450000
4194304,dace_icx,vectorized_w_cpy,12,5657000
4194304,dace_icx,vectorized_wo_cpy,12,5785000
4194304,dace_icx,baseline,13,7394000
4194304,dace_icx,vectorized_w_cpy,13,5696000
4194304,dace_icx,vectorized_wo_cpy,13,5844000
4194304,dace_icx,baseline,14,7375000
4194304,dace_icx,vectorized_w_cpy,14,5710000
4194304,dace_icx,vectorized_wo_cpy,14,5733000
4194304,dace_icx,baseline,15,7395000
4194304,dace_icx,vectorized_w_cpy,15,5736000
4194304,dace_icx,vectorized_wo_cpy,15,5786000
4194304,dace_icx,baseline,16,7311000
4194304,dace_icx,vectorized_w_cpy,16,5736000
4194304,dace_icx,vectorized_wo_cpy,16,5811000
4194304,dace_icx,baseline,17,7337000
4194304,dace_icx,vectorized_w_cpy,17,5675000
4194304,dace_icx,vectorized_wo_cpy,17,5802000
4194304,dace_icx,baseline,18,7385000
4194304,dace_icx,vectorized_w_cpy,18,5678000
4194304,dace_icx,vectorized_wo_cpy,18,5770000
4194304,dace_icx,baseline,19,7308000
4194304,dace_icx,vectorized_w_cpy,19,5724000
4194304,dace_icx,vectorized_wo_cpy,19,5765000
4194304,dace_icx,baseline,20,7366000
4194304,dace_icx,vectorized_w_cpy,20,5683000
4194304,dace_icx,vectorized_wo_cpy,20,5835000
4194304,dace_icx,baseline,21,7348000
4194304,dace_icx,vectorized_w_cpy,21,5774000
4194304,dace_icx,vectorized_wo_cpy,21,5732000
4194304,dace_icx,baseline,22,7405000
4194304,dace_icx,vectorized_w_cpy,22,5694000
4194304,dace_icx,vectorized_wo_cpy,22,5820000
4194304,dace_icx,baseline,23,7353000
4194304,dace_icx,vectorized_w_cpy,23,5707000
4194304,dace_icx,vectorized_wo_cpy,23,5832000
4194304,dace_icx,baseline,24,7339000
4194304,dace_icx,vectorized_w_cpy,24,5701000
4194304,dace_icx,vectorized_wo_cpy,24,5783000
4194304,dace_icx,baseline,25,7428000
4194304,dace_icx,vectorized_w_cpy,25,5726000
4194304,dace_icx,vectorized_wo_cpy,25,5802000
4194304,dace_icx,baseline,26,7234000
4194304,dace_icx,vectorized_w_cpy,26,5727000
4194304,dace_icx,vectorized_wo_cpy,26,5860000
4194304,dace_icx,baseline,27,7349000
4194304,dace_icx,vectorized_w_cpy,27,5739000
4194304,dace_icx,vectorized_wo_cpy,27,5842000
4194304,dace_icx,baseline,28,7473000
4194304,dace_icx,vectorized_w_cpy,28,5720000
4194304,dace_icx,vectorized_wo_cpy,28,5844000
4194304,dace_icx,baseline,29,7402000
4194304,dace_icx,vectorized_w_cpy,29,5718000
4194304,dace_icx,vectorized_wo_cpy,29,5752000
4194304,dace_icx,baseline,30,7338000
4194304,dace_icx,vectorized_w_cpy,30,5690000
4194304,dace_icx,vectorized_wo_cpy,30,5789000
4194304,dace_icx,baseline,31,7203000
4194304,dace_icx,vectorized_w_cpy,31,5733000
4194304,dace_icx,vectorized_wo_cpy,31,5792000
4194304,dace_icx,baseline,32,7327000
4194304,dace_icx,vectorized_w_cpy,32,5710000
4194304,dace_icx,vectorized_wo_cpy,32,5761000
4194304,dace_icx,baseline,33,7422000
4194304,dace_icx,vectorized_w_cpy,33,5683000
4194304,dace_icx,vectorized_wo_cpy,33,5833000
4194304,dace_icx,baseline,34,7386000
4194304,dace_icx,vectorized_w_cpy,34,5713000
4194304,dace_icx,vectorized_wo_cpy,34,5809000
4194304,dace_icx,baseline,35,7376000
4194304,dace_icx,vectorized_w_cpy,35,5664000
4194304,dace_icx,vectorized_wo_cpy,35,5805000
4194304,dace_icx,baseline,36,7331000
4194304,dace_icx,vectorized_w_cpy,36,5711000
4194304,dace_icx,vectorized_wo_cpy,36,5850000
4194304,dace_icx,baseline,37,7371000
4194304,dace_icx,vectorized_w_cpy,37,5712000
4194304,dace_icx,vectorized_wo_cpy,37,5798000
4194304,dace_icx,baseline,38,7397000
4194304,dace_icx,vectorized_w_cpy,38,5681000
4194304,dace_icx,vectorized_wo_cpy,38,5823000
4194304,dace_icx,baseline,39,7357000
4194304,dace_icx,vectorized_w_cpy,39,5748000
4194304,dace_icx,vectorized_wo_cpy,39,5816000
4194304,dace_icx,baseline,40,7460000
4194304,dace_icx,vectorized_w_cpy,40,5696000
4194304,dace_icx,vectorized_wo_cpy,40,5792000
4194304,dace_icx,baseline,41,7409000
4194304,dace_icx,vectorized_w_cpy,41,5763000
4194304,dace_icx,vectorized_wo_cpy,41,5792000
4194304,dace_icx,baseline,42,7402000
4194304,dace_icx,vectorized_w_cpy,42,5745000
4194304,dace_icx,vectorized_wo_cpy,42,5777000
4194304,dace_icx,baseline,43,7420000
4194304,dace_icx,vectorized_w_cpy,43,5767000
4194304,dace_icx,vectorized_wo_cpy,43,5834000
4194304,dace_icx,baseline,44,7427000
4194304,dace_icx,vectorized_w_cpy,44,5735000
4194304,dace_icx,vectorized_wo_cpy,44,5750000
4194304,dace_icx,baseline,45,7236000
4194304,dace_icx,vectorized_w_cpy,45,5729000
4194304,dace_icx,vectorized_wo_cpy,45,5857000
4194304,dace_icx,baseline,46,7384000
4194304,dace_icx,vectorized_w_cpy,46,5688000
4194304,dace_icx,vectorized_wo_cpy,46,5753000
4194304,dace_icx,baseline,47,7320000
4194304,dace_icx,vectorized_w_cpy,47,5663000
4194304,dace_icx,vectorized_wo_cpy,47,5793000
4194304,dace_icx,baseline,48,7364000
4194304,dace_icx,vectorized_w_cpy,48,5727000
4194304,dace_icx,vectorized_wo_cpy,48,5799000
4194304,dace_icx,baseline,49,7374000
4194304,dace_icx,vectorized_w_cpy,49,5720000
4194304,dace_icx,vectorized_wo_cpy,49,6739000
4194304,icpx,vec,0,5802728
4194304,icpx,novec,0,27124794
4194304,icpx,vec,1,5188136
4194304,icpx,novec,1,26926819
4194304,icpx,vec,2,5191376
4194304,icpx,novec,2,26409839
4194304,icpx,vec,3,5214697
4194304,icpx,novec,3,26328838
4194304,icpx,vec,4,5189026
4194304,icpx,novec,4,26251807
4194304,icpx,vec,5,5272718
4194304,icpx,novec,5,26535372
4194304,icpx,vec,6,5188836
4194304,icpx,novec,6,26340028
4194304,icpx,vec,7,5196296
4194304,icpx,novec,7,26285577
4194304,icpx,vec,8,5185386
4194304,icpx,novec,8,26492671
4194304,icpx,vec,9,5168335
4194304,icpx,novec,9,26351408
4194304,icpx,vec,10,5191126
4194304,icpx,novec,10,26259806
4194304,icpx,vec,11,5171396
4194304,icpx,novec,11,26512111
4194304,icpx,vec,12,5184986
4194304,icpx,novec,12,26398899
4194304,icpx,vec,13,5198796
4194304,icpx,novec,13,26942520
4194304,icpx,vec,14,5189416
4194304,icpx,novec,14,26518432
4194304,icpx,vec,15,5191296
4194304,icpx,novec,15,26338598
4194304,icpx,vec,16,5175996
4194304,icpx,novec,16,26340918
4194304,icpx,vec,17,5184576
4194304,icpx,novec,17,26452601
4194304,icpx,vec,18,5203256
4194304,icpx,novec,18,26308558
4194304,icpx,vec,19,5182896
4194304,icpx,novec,19,26937810
4194304,icpx,vec,20,5235707
4194304,icpx,novec,20,26544522
4194304,icpx,vec,21,5315668
4194304,icpx,novec,21,26967521
4194304,icpx,vec,22,5220717
4194304,icpx,novec,22,26344288
4194304,icpx,vec,23,5203806
4194304,icpx,novec,23,26481381
4194304,icpx,vec,24,5229656
4194304,icpx,novec,24,26339888
4194304,icpx,vec,25,5232647
4194304,icpx,novec,25,26878218
4194304,icpx,vec,26,5242387
4194304,icpx,novec,26,27004901
4194304,icpx,vec,27,5220927
4194304,icpx,novec,27,26924390
4194304,icpx,vec,28,5232907
4194304,icpx,novec,28,26839818
4194304,icpx,vec,29,5199016
4194304,icpx,novec,29,26449270
4194304,icpx,vec,30,5197146
4194304,icpx,novec,30,26415629
4194304,icpx,vec,31,5200567
4194304,icpx,novec,31,26335698
4194304,icpx,vec,32,5215966
4194304,icpx,novec,32,26455211
4194304,icpx,vec,33,5215227
4194304,icpx,novec,33,26348738
4194304,icpx,vec,34,5218787
4194304,icpx,novec,34,26520502
4194304,icpx,vec,35,5330939
4194304,icpx,novec,35,26494612
4194304,icpx,vec,36,5294208
4194304,icpx,novec,36,26634654
4194304,icpx,vec,37,5269137
4194304,icpx,novec,37,26505552
4194304,icpx,vec,38,5264267
4194304,icpx,novec,38,26603424
4194304,icpx,vec,39,5221347
4194304,icpx,novec,39,26398099
4194304,icpx,vec,40,5200446
4194304,icpx,novec,40,26420189
4194304,icpx,vec,41,5291688
4194304,icpx,novec,41,26476481
4194304,icpx,vec,42,5284458
4194304,icpx,novec,42,26528771
4194304,icpx,vec,43,5238737
4194304,icpx,novec,43,26420760
4194304,icpx,vec,44,5266708
4194304,icpx,novec,44,26530892
4194304,icpx,vec,45,5242187
4194304,icpx,novec,45,26419700
4194304,icpx,vec,46,5266127
4194304,icpx,novec,46,26576772
4194304,icpx,vec,47,5274728
4194304,icpx,novec,47,26442490
4194304,icpx,vec,48,5229687
4194304,icpx,novec,48,26332367
4194304,icpx,vec,49,5213797
4194304,icpx,novec,49,26400899
8388608,dace_icx,baseline,0,13758000
8388608,dace_icx,vectorized_w_cpy,0,10609000
8388608,dace_icx,vectorized_wo_cpy,0,10497000
8388608,dace_icx,baseline,1,13977000
8388608,dace_icx,vectorized_w_cpy,1,10240000
8388608,dace_icx,vectorized_wo_cpy,1,10512000
8388608,dace_icx,baseline,2,13932000
8388608,dace_icx,vectorized_w_cpy,2,10920000
8388608,dace_icx,vectorized_wo_cpy,2,10545000
8388608,dace_icx,baseline,3,14099000
8388608,dace_icx,vectorized_w_cpy,3,10255000
8388608,dace_icx,vectorized_wo_cpy,3,10530000
8388608,dace_icx,baseline,4,14096000
8388608,dace_icx,vectorized_w_cpy,4,10899000
8388608,dace_icx,vectorized_wo_cpy,4,10510000
8388608,dace_icx,baseline,5,13959000
8388608,dace_icx,vectorized_w_cpy,5,10247000
8388608,dace_icx,vectorized_wo_cpy,5,10529000
8388608,dace_icx,baseline,6,13785000
8388608,dace_icx,vectorized_w_cpy,6,10961000
8388608,dace_icx,vectorized_wo_cpy,6,10514000
8388608,dace_icx,baseline,7,14014000
8388608,dace_icx,vectorized_w_cpy,7,10252000
8388608,dace_icx,vectorized_wo_cpy,7,10520000
8388608,dace_icx,baseline,8,13936000
8388608,dace_icx,vectorized_w_cpy,8,10875000
8388608,dace_icx,vectorized_wo_cpy,8,10514000
8388608,dace_icx,baseline,9,14099000
8388608,dace_icx,vectorized_w_cpy,9,10235000
8388608,dace_icx,vectorized_wo_cpy,9,10498000
8388608,dace_icx,baseline,10,13815000
8388608,dace_icx,vectorized_w_cpy,10,10825000
8388608,dace_icx,vectorized_wo_cpy,10,10555000
8388608,dace_icx,baseline,11,14074000
8388608,dace_icx,vectorized_w_cpy,11,10280000
8388608,dace_icx,vectorized_wo_cpy,11,10568000
8388608,dace_icx,baseline,12,14041000
8388608,dace_icx,vectorized_w_cpy,12,10889000
8388608,dace_icx,vectorized_wo_cpy,12,10487000
8388608,dace_icx,baseline,13,14011000
8388608,dace_icx,vectorized_w_cpy,13,10255000
8388608,dace_icx,vectorized_wo_cpy,13,10500000
8388608,dace_icx,baseline,14,13948000
8388608,dace_icx,vectorized_w_cpy,14,10839000
8388608,dace_icx,vectorized_wo_cpy,14,10520000
8388608,dace_icx,baseline,15,13917000
8388608,dace_icx,vectorized_w_cpy,15,10232000
8388608,dace_icx,vectorized_wo_cpy,15,10497000
8388608,dace_icx,baseline,16,13871000
8388608,dace_icx,vectorized_w_cpy,16,10874000
8388608,dace_icx,vectorized_wo_cpy,16,10597000
8388608,dace_icx,baseline,17,13873000
8388608,dace_icx,vectorized_w_cpy,17,10238000
8388608,dace_icx,vectorized_wo_cpy,17,10522000
8388608,dace_icx,baseline,18,13942000
8388608,dace_icx,vectorized_w_cpy,18,10924000
8388608,dace_icx,vectorized_wo_cpy,18,10479000
8388608,dace_icx,baseline,19,13880000
8388608,dace_icx,vectorized_w_cpy,19,10415000
8388608,dace_icx,vectorized_wo_cpy,19,10518000
8388608,dace_icx,baseline,20,14008000
8388608,dace_icx,vectorized_w_cpy,20,10816000
8388608,dace_icx,vectorized_wo_cpy,20,10631000
8388608,dace_icx,baseline,21,13988000
8388608,dace_icx,vectorized_w_cpy,21,10255000
8388608,dace_icx,vectorized_wo_cpy,21,10538000
8388608,dace_icx,baseline,22,14079000
8388608,dace_icx,vectorized_w_cpy,22,10872000
8388608,dace_icx,vectorized_wo_cpy,22,10522000
8388608,dace_icx,baseline,23,14145000
8388608,dace_icx,vectorized_w_cpy,23,10262000
8388608,dace_icx,vectorized_wo_cpy,23,10472000
8388608,dace_icx,baseline,24,17335000
8388608,dace_icx,vectorized_w_cpy,24,10866000
8388608,dace_icx,vectorized_wo_cpy,24,10493000
8388608,dace_icx,baseline,25,14016000
8388608,dace_icx,vectorized_w_cpy,25,10270000
8388608,dace_icx,vectorized_wo_cpy,25,10504000
8388608,dace_icx,baseline,26,13976000
8388608,dace_icx,vectorized_w_cpy,26,11002000
8388608,dace_icx,vectorized_wo_cpy,26,10520000
8388608,dace_icx,baseline,27,14088000
8388608,dace_icx,vectorized_w_cpy,27,10380000
8388608,dace_icx,vectorized_wo_cpy,27,10475000
8388608,dace_icx,baseline,28,14025000
8388608,dace_icx,vectorized_w_cpy,28,10902000
8388608,dace_icx,vectorized_wo_cpy,28,10473000
8388608,dace_icx,baseline,29,14011000
8388608,dace_icx,vectorized_w_cpy,29,10249000
8388608,dace_icx,vectorized_wo_cpy,29,10447000
8388608,dace_icx,baseline,30,14069000
8388608,dace_icx,vectorized_w_cpy,30,10993000
8388608,dace_icx,vectorized_wo_cpy,30,10525000
8388608,dace_icx,baseline,31,13999000
8388608,dace_icx,vectorized_w_cpy,31,10429000
8388608,dace_icx,vectorized_wo_cpy,31,10510000
8388608,dace_icx,baseline,32,14001000
8388608,dace_icx,vectorized_w_cpy,32,10974000
8388608,dace_icx,vectorized_wo_cpy,32,10485000
8388608,dace_icx,baseline,33,13934000
8388608,dace_icx,vectorized_w_cpy,33,10279000
8388608,dace_icx,vectorized_wo_cpy,33,10474000
8388608,dace_icx,baseline,34,13963000
8388608,dace_icx,vectorized_w_cpy,34,10912000
8388608,dace_icx,vectorized_wo_cpy,34,10586000
8388608,dace_icx,baseline,35,14063000
8388608,dace_icx,vectorized_w_cpy,35,10292000
8388608,dace_icx,vectorized_wo_cpy,35,12319000
8388608,dace_icx,baseline,36,14344000
8388608,dace_icx,vectorized_w_cpy,36,10898000
8388608,dace_icx,vectorized_wo_cpy,36,10497000
8388608,dace_icx,baseline,37,13987000
8388608,dace_icx,vectorized_w_cpy,37,10264000
8388608,dace_icx,vectorized_wo_cpy,37,10501000
8388608,dace_icx,baseline,38,14009000
8388608,dace_icx,vectorized_w_cpy,38,10857000
8388608,dace_icx,vectorized_wo_cpy,38,10467000
8388608,dace_icx,baseline,39,14061000
8388608,dace_icx,vectorized_w_cpy,39,10242000
8388608,dace_icx,vectorized_wo_cpy,39,10531000
8388608,dace_icx,baseline,40,14076000
8388608,dace_icx,vectorized_w_cpy,40,10882000
8388608,dace_icx,vectorized_wo_cpy,40,10428000
8388608,dace_icx,baseline,41,14088000
8388608,dace_icx,vectorized_w_cpy,41,10287000
8388608,dace_icx,vectorized_wo_cpy,41,10556000
8388608,dace_icx,baseline,42,13977000
8388608,dace_icx,vectorized_w_cpy,42,10926000
8388608,dace_icx,vectorized_wo_cpy,42,10540000
8388608,dace_icx,baseline,43,14128000
8388608,dace_icx,vectorized_w_cpy,43,10286000
8388608,dace_icx,vectorized_wo_cpy,43,10468000
8388608,dace_icx,baseline,44,13847000
8388608,dace_icx,vectorized_w_cpy,44,11492000
8388608,dace_icx,vectorized_wo_cpy,44,10610000
8388608,dace_icx,baseline,45,14069000
8388608,dace_icx,vectorized_w_cpy,45,10276000
8388608,dace_icx,vectorized_wo_cpy,45,10530000
8388608,dace_icx,baseline,46,13993000
8388608,dace_icx,vectorized_w_cpy,46,11093000
8388608,dace_icx,vectorized_wo_cpy,46,10560000
8388608,dace_icx,baseline,47,14014000
8388608,dace_icx,vectorized_w_cpy,47,10235000
8388608,dace_icx,vectorized_wo_cpy,47,10510000
8388608,dace_icx,baseline,48,13936000
8388608,dace_icx,vectorized_w_cpy,48,10922000
8388608,dace_icx,vectorized_wo_cpy,48,10549000
8388608,dace_icx,baseline,49,14156000
8388608,dace_icx,vectorized_w_cpy,49,10268000
8388608,dace_icx,vectorized_wo_cpy,49,10529000
8388608,icpx,vec,0,10578276
8388608,icpx,novec,0,51792458
8388608,icpx,vec,1,10464924
8388608,icpx,novec,1,51790138
8388608,icpx,vec,2,10204809
8388608,icpx,novec,2,52675476
8388608,icpx,vec,3,10183918
8388608,icpx,novec,3,51349228
8388608,icpx,vec,4,10450554
8388608,icpx,novec,4,50849609
8388608,icpx,vec,5,10201739
8388608,icpx,novec,5,52886270
8388608,icpx,vec,6,10221799
8388608,icpx,novec,6,52027942
8388608,icpx,vec,7,10474134
8388608,icpx,novec,7,50980781
8388608,icpx,vec,8,10208499
8388608,icpx,novec,8,53650826
8388608,icpx,vec,9,10175838
8388608,icpx,novec,9,51274187
8388608,icpx,vec,10,10483474
8388608,icpx,novec,10,51653705
8388608,icpx,vec,11,10223699
8388608,icpx,novec,11,52938341
8388608,icpx,vec,12,10248199
8388608,icpx,novec,12,51995002
8388608,icpx,vec,13,10554496
8388608,icpx,novec,13,51913870
8388608,icpx,vec,14,10271800
8388608,icpx,novec,14,53618506
8388608,icpx,vec,15,10240729
8388608,icpx,novec,15,52170945
8388608,icpx,vec,16,10549186
8388608,icpx,novec,16,50767426
8388608,icpx,vec,17,10309061
8388608,icpx,novec,17,52707186
8388608,icpx,vec,18,10564755
8388608,icpx,novec,18,51201016
8388608,icpx,vec,19,10578516
8388608,icpx,novec,19,51882810
8388608,icpx,vec,20,10290060
8388608,icpx,novec,20,53579534
8388608,icpx,vec,21,10324541
8388608,icpx,novec,21,52111544
8388608,icpx,vec,22,10565056
8388608,icpx,novec,22,51757917
8388608,icpx,vec,23,10279270
8388608,icpx,novec,23,53649806
8388608,icpx,vec,24,10252869
8388608,icpx,novec,24,51142215
8388608,icpx,vec,25,10527135
8388608,icpx,novec,25,51162455
8388608,icpx,vec,26,10309261
8388608,icpx,novec,26,52817309
8388608,icpx,vec,27,10267770
8388608,icpx,novec,27,52207746
8388608,icpx,vec,28,10552076
8388608,icpx,novec,28,51660755
8388608,icpx,vec,29,10362322
8388608,icpx,novec,29,53393811
8388608,icpx,vec,30,10265310
8388608,icpx,novec,30,51215986
8388608,icpx,vec,31,10559616
8388608,icpx,novec,31,51042372
8388608,icpx,vec,32,10278010
8388608,icpx,novec,32,52650105
8388608,icpx,vec,33,10255740
8388608,icpx,novec,33,51298568
8388608,icpx,vec,34,10559796
8388608,icpx,novec,34,51671225
8388608,icpx,vec,35,10291670
8388608,icpx,novec,35,53714017
8388608,icpx,vec,36,10246079
8388608,icpx,novec,36,52034033
8388608,icpx,vec,37,10544625
8388608,icpx,novec,37,51839209
8388608,icpx,vec,38,10293390
8388608,icpx,novec,38,52537873
8388608,icpx,vec,39,10252400
8388608,icpx,novec,39,51243757
8388608,icpx,vec,40,10532935
8388608,icpx,novec,40,50946760
8388608,icpx,vec,41,10287990
8388608,icpx,novec,41,53725847
8388608,icpx,vec,42,10245289
8388608,icpx,novec,42,52090194
8388608,icpx,vec,43,10555416
8388608,icpx,novec,43,51790448
8388608,icpx,vec,44,10256790
8388608,icpx,novec,44,53630496
8388608,icpx,vec,45,10264369
8388608,icpx,novec,45,52162335
8388608,icpx,vec,46,10554716
8388608,icpx,novec,46,51036763
8388608,icpx,vec,47,10271880
8388608,icpx,novec,47,52931221
8388608,icpx,vec,48,10259749
8388608,icpx,novec,48,52132714
8388608,icpx,vec,49,10543355
8388608,icpx,novec,49,51152945
16777216,dace_icx,baseline,0,38358000
16777216,dace_icx,vectorized_w_cpy,0,21641000
16777216,dace_icx,vectorized_wo_cpy,0,19812000
16777216,dace_icx,baseline,1,29290000
16777216,dace_icx,vectorized_w_cpy,1,20375000
16777216,dace_icx,vectorized_wo_cpy,1,20123000
16777216,dace_icx,baseline,2,28204000
16777216,dace_icx,vectorized_w_cpy,2,21430000
16777216,dace_icx,vectorized_wo_cpy,2,20038000
16777216,dace_icx,baseline,3,29443000
16777216,dace_icx,vectorized_w_cpy,3,20299000
16777216,dace_icx,vectorized_wo_cpy,3,20080000
16777216,dace_icx,baseline,4,28325000
16777216,dace_icx,vectorized_w_cpy,4,21575000
16777216,dace_icx,vectorized_wo_cpy,4,20154000
16777216,dace_icx,baseline,5,30138000
16777216,dace_icx,vectorized_w_cpy,5,20343000
16777216,dace_icx,vectorized_wo_cpy,5,20065000
16777216,dace_icx,baseline,6,27649000
16777216,dace_icx,vectorized_w_cpy,6,21420000
16777216,dace_icx,vectorized_wo_cpy,6,20029000
16777216,dace_icx,baseline,7,29510000
16777216,dace_icx,vectorized_w_cpy,7,20381000
16777216,dace_icx,vectorized_wo_cpy,7,20022000
16777216,dace_icx,baseline,8,28357000
16777216,dace_icx,vectorized_w_cpy,8,21433000
16777216,dace_icx,vectorized_wo_cpy,8,20051000
16777216,dace_icx,baseline,9,29447000
16777216,dace_icx,vectorized_w_cpy,9,20299000
16777216,dace_icx,vectorized_wo_cpy,9,20038000
16777216,dace_icx,baseline,10,28192000
16777216,dace_icx,vectorized_w_cpy,10,20913000
16777216,dace_icx,vectorized_wo_cpy,10,20087000
16777216,dace_icx,baseline,11,29380000
16777216,dace_icx,vectorized_w_cpy,11,20297000
16777216,dace_icx,vectorized_wo_cpy,11,20008000
16777216,dace_icx,baseline,12,28256000
16777216,dace_icx,vectorized_w_cpy,12,21585000
16777216,dace_icx,vectorized_wo_cpy,12,20184000
16777216,dace_icx,baseline,13,29273000
16777216,dace_icx,vectorized_w_cpy,13,20389000
16777216,dace_icx,vectorized_wo_cpy,13,19470000
16777216,dace_icx,baseline,14,28377000
16777216,dace_icx,vectorized_w_cpy,14,21380000
16777216,dace_icx,vectorized_wo_cpy,14,20041000
16777216,dace_icx,baseline,15,29274000
16777216,dace_icx,vectorized_w_cpy,15,20338000
16777216,dace_icx,vectorized_wo_cpy,15,20066000
16777216,dace_icx,baseline,16,28392000
16777216,dace_icx,vectorized_w_cpy,16,21485000
16777216,dace_icx,vectorized_wo_cpy,16,19773000
16777216,dace_icx,baseline,17,29628000
16777216,dace_icx,vectorized_w_cpy,17,20310000
16777216,dace_icx,vectorized_wo_cpy,17,19531000
16777216,dace_icx,baseline,18,28280000
16777216,dace_icx,vectorized_w_cpy,18,21361000
16777216,dace_icx,vectorized_wo_cpy,18,20057000
16777216,dace_icx,baseline,19,29355000
16777216,dace_icx,vectorized_w_cpy,19,20335000
16777216,dace_icx,vectorized_wo_cpy,19,20076000
16777216,dace_icx,baseline,20,28262000
16777216,dace_icx,vectorized_w_cpy,20,21477000
16777216,dace_icx,vectorized_wo_cpy,20,19522000
16777216,dace_icx,baseline,21,29369000
16777216,dace_icx,vectorized_w_cpy,21,20374000
16777216,dace_icx,vectorized_wo_cpy,21,20091000
16777216,dace_icx,baseline,22,28394000
16777216,dace_icx,vectorized_w_cpy,22,21385000
16777216,dace_icx,vectorized_wo_cpy,22,20054000
16777216,dace_icx,baseline,23,29542000
16777216,dace_icx,vectorized_w_cpy,23,20366000
16777216,dace_icx,vectorized_wo_cpy,23,19728000
16777216,dace_icx,baseline,24,27731000
16777216,dace_icx,vectorized_w_cpy,24,21403000
16777216,dace_icx,vectorized_wo_cpy,24,20062000
16777216,dace_icx,baseline,25,29636000
16777216,dace_icx,vectorized_w_cpy,25,20416000
16777216,dace_icx,vectorized_wo_cpy,25,20017000
16777216,dace_icx,baseline,26,27624000
16777216,dace_icx,vectorized_w_cpy,26,20901000
16777216,dace_icx,vectorized_wo_cpy,26,19798000
16777216,dace_icx,baseline,27,29300000
16777216,dace_icx,vectorized_w_cpy,27,19789000
16777216,dace_icx,vectorized_wo_cpy,27,20024000
16777216,dace_icx,baseline,28,28242000
16777216,dace_icx,vectorized_w_cpy,28,21372000
16777216,dace_icx,vectorized_wo_cpy,28,20054000
16777216,dace_icx,baseline,29,29463000
16777216,dace_icx,vectorized_w_cpy,29,20409000
16777216,dace_icx,vectorized_wo_cpy,29,20042000
16777216,dace_icx,baseline,30,28321000
16777216,dace_icx,vectorized_w_cpy,30,21396000
16777216,dace_icx,vectorized_wo_cpy,30,20141000
16777216,dace_icx,baseline,31,29529000
16777216,dace_icx,vectorized_w_cpy,31,20360000
16777216,dace_icx,vectorized_wo_cpy,31,20113000
16777216,dace_icx,baseline,32,28291000
16777216,dace_icx,vectorized_w_cpy,32,20838000
16777216,dace_icx,vectorized_wo_cpy,32,20067000
16777216,dace_icx,baseline,33,29477000
16777216,dace_icx,vectorized_w_cpy,33,20378000
16777216,dace_icx,vectorized_wo_cpy,33,20047000
16777216,dace_icx,baseline,34,28351000
16777216,dace_icx,vectorized_w_cpy,34,21424000
16777216,dace_icx,vectorized_wo_cpy,34,20047000
16777216,dace_icx,baseline,35,29833000
16777216,dace_icx,vectorized_w_cpy,35,20376000
16777216,dace_icx,vectorized_wo_cpy,35,20037000
16777216,dace_icx,baseline,36,28254000
16777216,dace_icx,vectorized_w_cpy,36,21380000
16777216,dace_icx,vectorized_wo_cpy,36,20059000
16777216,dace_icx,baseline,37,29353000
16777216,dace_icx,vectorized_w_cpy,37,20417000
16777216,dace_icx,vectorized_wo_cpy,37,20052000
16777216,dace_icx,baseline,38,28400000
16777216,dace_icx,vectorized_w_cpy,38,21391000
16777216,dace_icx,vectorized_wo_cpy,38,19459000
16777216,dace_icx,baseline,39,29746000
16777216,dace_icx,vectorized_w_cpy,39,20307000
16777216,dace_icx,vectorized_wo_cpy,39,20072000
16777216,dace_icx,baseline,40,28164000
16777216,dace_icx,vectorized_w_cpy,40,21417000
16777216,dace_icx,vectorized_wo_cpy,40,20085000
16777216,dace_icx,baseline,41,29478000
16777216,dace_icx,vectorized_w_cpy,41,20263000
16777216,dace_icx,vectorized_wo_cpy,41,20076000
16777216,dace_icx,baseline,42,28370000
16777216,dace_icx,vectorized_w_cpy,42,21411000
16777216,dace_icx,vectorized_wo_cpy,42,20062000
16777216,dace_icx,baseline,43,29481000
16777216,dace_icx,vectorized_w_cpy,43,20316000
16777216,dace_icx,vectorized_wo_cpy,43,20032000
16777216,dace_icx,baseline,44,28274000
16777216,dace_icx,vectorized_w_cpy,44,21392000
16777216,dace_icx,vectorized_wo_cpy,44,20120000
16777216,dace_icx,baseline,45,29531000
16777216,dace_icx,vectorized_w_cpy,45,20347000
16777216,dace_icx,vectorized_wo_cpy,45,20066000
16777216,dace_icx,baseline,46,28358000
16777216,dace_icx,vectorized_w_cpy,46,21418000
16777216,dace_icx,vectorized_wo_cpy,46,19488000
16777216,dace_icx,baseline,47,29259000
16777216,dace_icx,vectorized_w_cpy,47,20281000
16777216,dace_icx,vectorized_wo_cpy,47,20075000
16777216,dace_icx,baseline,48,28545000
16777216,dace_icx,vectorized_w_cpy,48,21569000
16777216,dace_icx,vectorized_wo_cpy,48,20101000
16777216,dace_icx,baseline,49,29490000
16777216,dace_icx,vectorized_w_cpy,49,20380000
16777216,dace_icx,vectorized_wo_cpy,49,20113000
16777216,icpx,vec,0,21357745
16777216,icpx,novec,0,99254387
16777216,icpx,vec,1,19802354
16777216,icpx,novec,1,104356721
16777216,icpx,vec,2,19796134
16777216,icpx,novec,2,99289428
16777216,icpx,vec,3,20569490
16777216,icpx,novec,3,98944980
16777216,icpx,vec,4,19816905
16777216,icpx,novec,4,104366761
16777216,icpx,vec,5,19927747
16777216,icpx,novec,5,98236196
16777216,icpx,vec,6,20800895
16777216,icpx,novec,6,98154625
16777216,icpx,vec,7,19995349
16777216,icpx,novec,7,104267999
16777216,icpx,vec,8,19902756
16777216,icpx,novec,8,99239777
16777216,icpx,vec,9,20791225
16777216,icpx,novec,9,98386630
16777216,icpx,vec,10,19999669
16777216,icpx,novec,10,104337141
16777216,icpx,vec,11,19914517
16777216,icpx,novec,11,99178215
16777216,icpx,vec,12,20758914
16777216,icpx,novec,12,99026233
16777216,icpx,vec,13,19940227
16777216,icpx,novec,13,104256959
16777216,icpx,vec,14,19922137
16777216,icpx,novec,14,99139425
16777216,icpx,vec,15,20771395
16777216,icpx,novec,15,98975712
16777216,icpx,vec,16,19969578
16777216,icpx,novec,16,104327111
16777216,icpx,vec,17,20023769
16777216,icpx,novec,17,98290118
16777216,icpx,vec,18,20811705
16777216,icpx,novec,18,98959111
16777216,icpx,vec,19,19964968
16777216,icpx,novec,19,105099096
16777216,icpx,vec,20,19950697
16777216,icpx,novec,20,98224306
16777216,icpx,vec,21,20813245
16777216,icpx,novec,21,99180615
16777216,icpx,vec,22,19970928
16777216,icpx,novec,22,104719788
16777216,icpx,vec,23,19913617
16777216,icpx,novec,23,98378059
16777216,icpx,vec,24,20803805
16777216,icpx,novec,24,99095653
16777216,icpx,vec,25,19929967
16777216,icpx,novec,25,104381392
16777216,icpx,vec,26,19892456
16777216,icpx,novec,26,99220516
16777216,icpx,vec,27,20849496
16777216,icpx,novec,27,99116374
16777216,icpx,vec,28,19975608
16777216,icpx,novec,28,104335051
16777216,icpx,vec,29,19973088
16777216,icpx,novec,29,99087244
16777216,icpx,vec,30,20856846
16777216,icpx,novec,30,98253027
16777216,icpx,vec,31,19951488
16777216,icpx,novec,31,104492244
16777216,icpx,vec,32,20069819
16777216,icpx,novec,32,98195635
16777216,icpx,vec,33,20810845
16777216,icpx,novec,33,98276887
16777216,icpx,vec,34,19951748
16777216,icpx,novec,34,102943373
16777216,icpx,vec,35,19942517
16777216,icpx,novec,35,98070962
16777216,icpx,vec,36,20814185
16777216,icpx,novec,36,98235647
16777216,icpx,vec,37,19933697
16777216,icpx,novec,37,103053765
16777216,icpx,vec,38,19903376
16777216,icpx,novec,38,98985792
16777216,icpx,vec,39,20837766
16777216,icpx,novec,39,98134165
16777216,icpx,vec,40,19955918
16777216,icpx,novec,40,103009084
16777216,icpx,vec,41,19922417
16777216,icpx,novec,41,98223746
16777216,icpx,vec,42,20785994
16777216,icpx,novec,42,98113854
16777216,icpx,vec,43,19970968
16777216,icpx,novec,43,103094085
16777216,icpx,vec,44,19923377
16777216,icpx,novec,44,98453121
16777216,icpx,vec,45,20850186
16777216,icpx,novec,45,99076534
16777216,icpx,vec,46,19962187
16777216,icpx,novec,46,104336011
16777216,icpx,vec,47,19913427
16777216,icpx,novec,47,99314458
16777216,icpx,vec,48,20815555
16777216,icpx,novec,48,98201456
16777216,icpx,vec,49,19934977
16777216,icpx,novec,49,103202668
34373632,dace_icx,baseline,0,55660000
34373632,dace_icx,vectorized_w_cpy,0,40129000
34373632,dace_icx,vectorized_wo_cpy,0,40130000
34373632,dace_icx,baseline,1,55128000
34373632,dace_icx,vectorized_w_cpy,1,39832000
34373632,dace_icx,vectorized_wo_cpy,1,40925000
34373632,dace_icx,baseline,2,54927000
34373632,dace_icx,vectorized_w_cpy,2,38614000
34373632,dace_icx,vectorized_wo_cpy,2,40932000
34373632,dace_icx,baseline,3,55009000
34373632,dace_icx,vectorized_w_cpy,3,39815000
34373632,dace_icx,vectorized_wo_cpy,3,39780000
34373632,dace_icx,baseline,4,54949000
34373632,dace_icx,vectorized_w_cpy,4,38701000
34373632,dace_icx,vectorized_wo_cpy,4,39877000
34373632,dace_icx,baseline,5,54962000
34373632,dace_icx,vectorized_w_cpy,5,39740000
34373632,dace_icx,vectorized_wo_cpy,5,40986000
34373632,dace_icx,baseline,6,54995000
34373632,dace_icx,vectorized_w_cpy,6,39712000
34373632,dace_icx,vectorized_wo_cpy,6,39876000
34373632,dace_icx,baseline,7,54911000
34373632,dace_icx,vectorized_w_cpy,7,38576000
34373632,dace_icx,vectorized_wo_cpy,7,39865000
34373632,dace_icx,baseline,8,55098000
34373632,dace_icx,vectorized_w_cpy,8,38672000
34373632,dace_icx,vectorized_wo_cpy,8,40948000
34373632,dace_icx,baseline,9,55299000
34373632,dace_icx,vectorized_w_cpy,9,38530000
34373632,dace_icx,vectorized_wo_cpy,9,40959000
34373632,dace_icx,baseline,10,54893000
34373632,dace_icx,vectorized_w_cpy,10,38535000
34373632,dace_icx,vectorized_wo_cpy,10,40950000
34373632,dace_icx,baseline,11,54952000
34373632,dace_icx,vectorized_w_cpy,11,39126000
34373632,dace_icx,vectorized_wo_cpy,11,39864000
34373632,dace_icx,baseline,12,55137000
34373632,dace_icx,vectorized_w_cpy,12,38743000
34373632,dace_icx,vectorized_wo_cpy,12,40676000
34373632,dace_icx,baseline,13,55265000
34373632,dace_icx,vectorized_w_cpy,13,39133000
34373632,dace_icx,vectorized_wo_cpy,13,39827000
34373632,dace_icx,baseline,14,54979000
34373632,dace_icx,vectorized_w_cpy,14,38694000
34373632,dace_icx,vectorized_wo_cpy,14,41011000
34373632,dace_icx,baseline,15,54953000
34373632,dace_icx,vectorized_w_cpy,15,38610000
34373632,dace_icx,vectorized_wo_cpy,15,39886000
34373632,dace_icx,baseline,16,54963000
34373632,dace_icx,vectorized_w_cpy,16,39684000
34373632,dace_icx,vectorized_wo_cpy,16,39877000
34373632,dace_icx,baseline,17,55055000
34373632,dace_icx,vectorized_w_cpy,17,39741000
34373632,dace_icx,vectorized_wo_cpy,17,40928000
34373632,dace_icx,baseline,18,55138000
34373632,dace_icx,vectorized_w_cpy,18,39585000
34373632,dace_icx,vectorized_wo_cpy,18,40082000
34373632,dace_icx,baseline,19,55055000
34373632,dace_icx,vectorized_w_cpy,19,38535000
34373632,dace_icx,vectorized_wo_cpy,19,41075000
34373632,dace_icx,baseline,20,55129000
34373632,dace_icx,vectorized_w_cpy,20,39662000
34373632,dace_icx,vectorized_wo_cpy,20,39853000
34373632,dace_icx,baseline,21,55049000
34373632,dace_icx,vectorized_w_cpy,21,39674000
34373632,dace_icx,vectorized_wo_cpy,21,39923000
34373632,dace_icx,baseline,22,55215000
34373632,dace_icx,vectorized_w_cpy,22,38539000
34373632,dace_icx,vectorized_wo_cpy,22,39893000
34373632,dace_icx,baseline,23,54885000
34373632,dace_icx,vectorized_w_cpy,23,39676000
34373632,dace_icx,vectorized_wo_cpy,23,40003000
34373632,dace_icx,baseline,24,54911000
34373632,dace_icx,vectorized_w_cpy,24,39684000
34373632,dace_icx,vectorized_wo_cpy,24,40980000
34373632,dace_icx,baseline,25,54937000
34373632,dace_icx,vectorized_w_cpy,25,38508000
34373632,dace_icx,vectorized_wo_cpy,25,41033000
34373632,dace_icx,baseline,26,55008000
34373632,dace_icx,vectorized_w_cpy,26,39641000
34373632,dace_icx,vectorized_wo_cpy,26,41089000
34373632,dace_icx,baseline,27,55100000
34373632,dace_icx,vectorized_w_cpy,27,38547000
34373632,dace_icx,vectorized_wo_cpy,27,40943000
34373632,dace_icx,baseline,28,55213000
34373632,dace_icx,vectorized_w_cpy,28,39724000
34373632,dace_icx,vectorized_wo_cpy,28,40995000
34373632,dace_icx,baseline,29,54956000
34373632,dace_icx,vectorized_w_cpy,29,39864000
34373632,dace_icx,vectorized_wo_cpy,29,40957000
34373632,dace_icx,baseline,30,55099000
34373632,dace_icx,vectorized_w_cpy,30,38553000
34373632,dace_icx,vectorized_wo_cpy,30,40932000
34373632,dace_icx,baseline,31,54947000
34373632,dace_icx,vectorized_w_cpy,31,39716000
34373632,dace_icx,vectorized_wo_cpy,31,39883000
34373632,dace_icx,baseline,32,55263000
34373632,dace_icx,vectorized_w_cpy,32,38578000
34373632,dace_icx,vectorized_wo_cpy,32,39920000
34373632,dace_icx,baseline,33,55055000
34373632,dace_icx,vectorized_w_cpy,33,39726000
34373632,dace_icx,vectorized_wo_cpy,33,40945000
34373632,dace_icx,baseline,34,55174000
34373632,dace_icx,vectorized_w_cpy,34,38591000
34373632,dace_icx,vectorized_wo_cpy,34,40480000
34373632,dace_icx,baseline,35,54928000
34373632,dace_icx,vectorized_w_cpy,35,39736000
34373632,dace_icx,vectorized_wo_cpy,35,41087000
34373632,dace_icx,baseline,36,55096000
34373632,dace_icx,vectorized_w_cpy,36,39834000
34373632,dace_icx,vectorized_wo_cpy,36,41007000
34373632,dace_icx,baseline,37,55131000
34373632,dace_icx,vectorized_w_cpy,37,38552000
34373632,dace_icx,vectorized_wo_cpy,37,40954000
34373632,dace_icx,baseline,38,55087000
34373632,dace_icx,vectorized_w_cpy,38,38685000
34373632,dace_icx,vectorized_wo_cpy,38,40936000
34373632,dace_icx,baseline,39,54943000
34373632,dace_icx,vectorized_w_cpy,39,38489000
34373632,dace_icx,vectorized_wo_cpy,39,40052000
34373632,dace_icx,baseline,40,55057000
34373632,dace_icx,vectorized_w_cpy,40,39869000
34373632,dace_icx,vectorized_wo_cpy,40,40075000
34373632,dace_icx,baseline,41,54878000
34373632,dace_icx,vectorized_w_cpy,41,39833000
34373632,dace_icx,vectorized_wo_cpy,41,40932000
34373632,dace_icx,baseline,42,54917000
34373632,dace_icx,vectorized_w_cpy,42,39677000
34373632,dace_icx,vectorized_wo_cpy,42,41290000
34373632,dace_icx,baseline,43,55232000
34373632,dace_icx,vectorized_w_cpy,43,38613000
34373632,dace_icx,vectorized_wo_cpy,43,40949000
34373632,dace_icx,baseline,44,55055000
34373632,dace_icx,vectorized_w_cpy,44,39662000
34373632,dace_icx,vectorized_wo_cpy,44,41037000
34373632,dace_icx,baseline,45,55075000
34373632,dace_icx,vectorized_w_cpy,45,39685000
34373632,dace_icx,vectorized_wo_cpy,45,41020000
34373632,dace_icx,baseline,46,54878000
34373632,dace_icx,vectorized_w_cpy,46,39702000
34373632,dace_icx,vectorized_wo_cpy,46,41013000
34373632,dace_icx,baseline,47,55059000
34373632,dace_icx,vectorized_w_cpy,47,39727000
34373632,dace_icx,vectorized_wo_cpy,47,41073000
34373632,dace_icx,baseline,48,55005000
34373632,dace_icx,vectorized_w_cpy,48,39654000
34373632,dace_icx,vectorized_wo_cpy,48,41007000
34373632,dace_icx,baseline,49,54859000
34373632,dace_icx,vectorized_w_cpy,49,38722000
34373632,dace_icx,vectorized_wo_cpy,49,41255000
34373632,icpx,vec,0,40564259
34373632,icpx,novec,0,203031846
34373632,icpx,vec,1,40317193
34373632,icpx,novec,1,202145518
34373632,icpx,vec,2,40533608
34373632,icpx,novec,2,201476305
34373632,icpx,vec,3,40840034
34373632,icpx,novec,3,201310241
34373632,icpx,vec,4,40668311
34373632,icpx,novec,4,201378033
34373632,icpx,vec,5,40824303
34373632,icpx,novec,5,202429563
34373632,icpx,vec,6,40932386
34373632,icpx,novec,6,201624827
34373632,icpx,vec,7,40618510
34373632,icpx,novec,7,201274921
34373632,icpx,vec,8,40785733
34373632,icpx,novec,8,201278111
34373632,icpx,vec,9,40809164
34373632,icpx,novec,9,201458824
34373632,icpx,vec,10,40666061
34373632,icpx,novec,10,201380232
34373632,icpx,vec,11,40785873
34373632,icpx,novec,11,201151298
34373632,icpx,vec,12,40870935
34373632,icpx,novec,12,201784861
34373632,icpx,vec,13,40648620
34373632,icpx,novec,13,201929524
34373632,icpx,vec,14,40807863
34373632,icpx,novec,14,200840222
34373632,icpx,vec,15,41014467
34373632,icpx,novec,15,201806621
34373632,icpx,vec,16,40745912
34373632,icpx,novec,16,201411364
34373632,icpx,vec,17,40809803
34373632,icpx,novec,17,200627888
34373632,icpx,vec,18,40760173
34373632,icpx,novec,18,200977765
34373632,icpx,vec,19,40590539
34373632,icpx,novec,19,201713469
34373632,icpx,vec,20,40809323
34373632,icpx,novec,20,200883182
34373632,icpx,vec,21,40797933
34373632,icpx,novec,21,201200698
34373632,icpx,vec,22,40649990
34373632,icpx,novec,22,202257370
34373632,icpx,vec,23,40905775
34373632,icpx,novec,23,201689799
34373632,icpx,vec,24,41220992
34373632,icpx,novec,24,204142670
34373632,icpx,vec,25,40785683
34373632,icpx,novec,25,202061527
34373632,icpx,vec,26,40828354
34373632,icpx,novec,26,200964444
34373632,icpx,vec,27,40798903
34373632,icpx,novec,27,200833741
34373632,icpx,vec,28,40661300
34373632,icpx,novec,28,201265640
34373632,icpx,vec,29,40797434
34373632,icpx,novec,29,200417763
34373632,icpx,vec,30,40880415
34373632,icpx,novec,30,201738000
34373632,icpx,vec,31,40628759
34373632,icpx,novec,31,201505415
34373632,icpx,vec,32,40825684
34373632,icpx,novec,32,200826661
34373632,icpx,vec,33,40805583
34373632,icpx,novec,33,201115167
34373632,icpx,vec,34,40673531
34373632,icpx,novec,34,201294922
34373632,icpx,vec,35,40792763
34373632,icpx,novec,35,200495844
34373632,icpx,vec,36,40801273
34373632,icpx,novec,36,200984725
34373632,icpx,vec,37,40658241
34373632,icpx,novec,37,201102747
34373632,icpx,vec,38,40859235
34373632,icpx,novec,38,202999156
34373632,icpx,vec,39,40823373
34373632,icpx,novec,39,200857492
34373632,icpx,vec,40,40633181
34373632,icpx,novec,40,201700860
34373632,icpx,vec,41,40812284
34373632,icpx,novec,41,201034375
34373632,icpx,vec,42,40913485
34373632,icpx,novec,42,201102727
34373632,icpx,vec,43,40622330
34373632,icpx,novec,43,201274980
34373632,icpx,vec,44,40790223
34373632,icpx,novec,44,201331182
34373632,icpx,vec,45,40808024
34373632,icpx,novec,45,200917924
34373632,icpx,vec,46,40626580
34373632,icpx,novec,46,201188028
34373632,icpx,vec,47,40816093
34373632,icpx,novec,47,201485355
34373632,icpx,vec,48,40774623
34373632,icpx,novec,48,200886502
34373632,icpx,vec,49,40657310
34373632,icpx,novec,49,201691179
