sdfg_name,size,rep,time_seconds
division_by_zero_dace,4718592,0,137
division_by_zero_dace,4718592,1,131
division_by_zero_dace,4718592,2,1149
division_by_zero_dace,4718592,3,127
division_by_zero_dace,4718592,4,129
division_by_zero_dace,4718592,5,133
division_by_zero_dace,4718592,6,128
division_by_zero_dace,4718592,7,127
division_by_zero_dace,4718592,8,123
division_by_zero_dace,4718592,9,126
division_by_zero_dace,4718592,10,120
division_by_zero_dace,4718592,11,120
division_by_zero_dace,4718592,12,129
division_by_zero_dace,4718592,13,123
division_by_zero_dace,4718592,14,126
division_by_zero_dace,4718592,15,121
division_by_zero_dace,4718592,16,128
division_by_zero_dace,4718592,17,122
division_by_zero_dace,4718592,18,126
division_by_zero_dace,4718592,19,124
division_by_zero_dace_g__veclen_2_no_cpy,4718592,0,125
division_by_zero_dace_g__veclen_2_no_cpy,4718592,1,127
division_by_zero_dace_g__veclen_2_no_cpy,4718592,2,127
division_by_zero_dace_g__veclen_2_no_cpy,4718592,3,125
division_by_zero_dace_g__veclen_2_no_cpy,4718592,4,319
division_by_zero_dace_g__veclen_2_no_cpy,4718592,5,123
division_by_zero_dace_g__veclen_2_no_cpy,4718592,6,126
division_by_zero_dace_g__veclen_2_no_cpy,4718592,7,124
division_by_zero_dace_g__veclen_2_no_cpy,4718592,8,125
division_by_zero_dace_g__veclen_2_no_cpy,4718592,9,125
division_by_zero_dace_g__veclen_2_no_cpy,4718592,10,123
division_by_zero_dace_g__veclen_2_no_cpy,4718592,11,121
division_by_zero_dace_g__veclen_2_no_cpy,4718592,12,122
division_by_zero_dace_g__veclen_2_no_cpy,4718592,13,126
division_by_zero_dace_g__veclen_2_no_cpy,4718592,14,121
division_by_zero_dace_g__veclen_2_no_cpy,4718592,15,125
division_by_zero_dace_g__veclen_2_no_cpy,4718592,16,128
division_by_zero_dace_g__veclen_2_no_cpy,4718592,17,150
division_by_zero_dace_g__veclen_2_no_cpy,4718592,18,126
division_by_zero_dace_g__veclen_2_no_cpy,4718592,19,127
division_by_zero_dace_g__veclen_2_cpy,4718592,0,125
division_by_zero_dace_g__veclen_2_cpy,4718592,1,125
division_by_zero_dace_g__veclen_2_cpy,4718592,2,124
division_by_zero_dace_g__veclen_2_cpy,4718592,3,121
division_by_zero_dace_g__veclen_2_cpy,4718592,4,123
division_by_zero_dace_g__veclen_2_cpy,4718592,5,120
division_by_zero_dace_g__veclen_2_cpy,4718592,6,121
division_by_zero_dace_g__veclen_2_cpy,4718592,7,119
division_by_zero_dace_g__veclen_2_cpy,4718592,8,122
division_by_zero_dace_g__veclen_2_cpy,4718592,9,116
division_by_zero_dace_g__veclen_2_cpy,4718592,10,121
division_by_zero_dace_g__veclen_2_cpy,4718592,11,1488
division_by_zero_dace_g__veclen_2_cpy,4718592,12,121
division_by_zero_dace_g__veclen_2_cpy,4718592,13,121
division_by_zero_dace_g__veclen_2_cpy,4718592,14,119
division_by_zero_dace_g__veclen_2_cpy,4718592,15,120
division_by_zero_dace_g__veclen_2_cpy,4718592,16,119
division_by_zero_dace_g__veclen_2_cpy,4718592,17,122
division_by_zero_dace_g__veclen_2_cpy,4718592,18,119
division_by_zero_dace_g__veclen_2_cpy,4718592,19,123
division_by_zero_dace_g__veclen_4_no_cpy,4718592,0,159
division_by_zero_dace_g__veclen_4_no_cpy,4718592,1,154
division_by_zero_dace_g__veclen_4_no_cpy,4718592,2,613
division_by_zero_dace_g__veclen_4_no_cpy,4718592,3,153
division_by_zero_dace_g__veclen_4_no_cpy,4718592,4,147
division_by_zero_dace_g__veclen_4_no_cpy,4718592,5,145
division_by_zero_dace_g__veclen_4_no_cpy,4718592,6,144
division_by_zero_dace_g__veclen_4_no_cpy,4718592,7,122
division_by_zero_dace_g__veclen_4_no_cpy,4718592,8,122
division_by_zero_dace_g__veclen_4_no_cpy,4718592,9,414
division_by_zero_dace_g__veclen_4_no_cpy,4718592,10,116
division_by_zero_dace_g__veclen_4_no_cpy,4718592,11,121
division_by_zero_dace_g__veclen_4_no_cpy,4718592,12,121
division_by_zero_dace_g__veclen_4_no_cpy,4718592,13,123
division_by_zero_dace_g__veclen_4_no_cpy,4718592,14,119
division_by_zero_dace_g__veclen_4_no_cpy,4718592,15,122
division_by_zero_dace_g__veclen_4_no_cpy,4718592,16,117
division_by_zero_dace_g__veclen_4_no_cpy,4718592,17,120
division_by_zero_dace_g__veclen_4_no_cpy,4718592,18,117
division_by_zero_dace_g__veclen_4_no_cpy,4718592,19,122
division_by_zero_dace_g__veclen_4_cpy,4718592,0,138
division_by_zero_dace_g__veclen_4_cpy,4718592,1,130
division_by_zero_dace_g__veclen_4_cpy,4718592,2,129
division_by_zero_dace_g__veclen_4_cpy,4718592,3,130
division_by_zero_dace_g__veclen_4_cpy,4718592,4,128
division_by_zero_dace_g__veclen_4_cpy,4718592,5,126
division_by_zero_dace_g__veclen_4_cpy,4718592,6,128
division_by_zero_dace_g__veclen_4_cpy,4718592,7,689
division_by_zero_dace_g__veclen_4_cpy,4718592,8,126
division_by_zero_dace_g__veclen_4_cpy,4718592,9,122
division_by_zero_dace_g__veclen_4_cpy,4718592,10,128
division_by_zero_dace_g__veclen_4_cpy,4718592,11,128
division_by_zero_dace_g__veclen_4_cpy,4718592,12,127
division_by_zero_dace_g__veclen_4_cpy,4718592,13,127
division_by_zero_dace_g__veclen_4_cpy,4718592,14,182
division_by_zero_dace_g__veclen_4_cpy,4718592,15,272
division_by_zero_dace_g__veclen_4_cpy,4718592,16,124
division_by_zero_dace_g__veclen_4_cpy,4718592,17,156
division_by_zero_dace_g__veclen_4_cpy,4718592,18,126
division_by_zero_dace_g__veclen_4_cpy,4718592,19,125
division_by_zero_dace_g__veclen_8_no_cpy,4718592,0,176
division_by_zero_dace_g__veclen_8_no_cpy,4718592,1,174
division_by_zero_dace_g__veclen_8_no_cpy,4718592,2,173
division_by_zero_dace_g__veclen_8_no_cpy,4718592,3,178
division_by_zero_dace_g__veclen_8_no_cpy,4718592,4,170
division_by_zero_dace_g__veclen_8_no_cpy,4718592,5,173
division_by_zero_dace_g__veclen_8_no_cpy,4718592,6,262
division_by_zero_dace_g__veclen_8_no_cpy,4718592,7,175
division_by_zero_dace_g__veclen_8_no_cpy,4718592,8,174
division_by_zero_dace_g__veclen_8_no_cpy,4718592,9,175
division_by_zero_dace_g__veclen_8_no_cpy,4718592,10,360
division_by_zero_dace_g__veclen_8_no_cpy,4718592,11,173
division_by_zero_dace_g__veclen_8_no_cpy,4718592,12,172
division_by_zero_dace_g__veclen_8_no_cpy,4718592,13,175
division_by_zero_dace_g__veclen_8_no_cpy,4718592,14,172
division_by_zero_dace_g__veclen_8_no_cpy,4718592,15,169
division_by_zero_dace_g__veclen_8_no_cpy,4718592,16,172
division_by_zero_dace_g__veclen_8_no_cpy,4718592,17,173
division_by_zero_dace_g__veclen_8_no_cpy,4718592,18,173
division_by_zero_dace_g__veclen_8_no_cpy,4718592,19,173
division_by_zero_dace_g__veclen_8_cpy,4718592,0,211
division_by_zero_dace_g__veclen_8_cpy,4718592,1,210
division_by_zero_dace_g__veclen_8_cpy,4718592,2,205
division_by_zero_dace_g__veclen_8_cpy,4718592,3,200
division_by_zero_dace_g__veclen_8_cpy,4718592,4,205
division_by_zero_dace_g__veclen_8_cpy,4718592,5,199
division_by_zero_dace_g__veclen_8_cpy,4718592,6,202
division_by_zero_dace_g__veclen_8_cpy,4718592,7,204
division_by_zero_dace_g__veclen_8_cpy,4718592,8,207
division_by_zero_dace_g__veclen_8_cpy,4718592,9,201
division_by_zero_dace_g__veclen_8_cpy,4718592,10,207
division_by_zero_dace_g__veclen_8_cpy,4718592,11,650
division_by_zero_dace_g__veclen_8_cpy,4718592,12,204
division_by_zero_dace_g__veclen_8_cpy,4718592,13,198
division_by_zero_dace_g__veclen_8_cpy,4718592,14,201
division_by_zero_dace_g__veclen_8_cpy,4718592,15,199
division_by_zero_dace_g__veclen_8_cpy,4718592,16,2029
division_by_zero_dace_g__veclen_8_cpy,4718592,17,204
division_by_zero_dace_g__veclen_8_cpy,4718592,18,200
division_by_zero_dace_g__veclen_8_cpy,4718592,19,210
division_by_zero_dace_g__veclen_16_no_cpy,4718592,0,224
division_by_zero_dace_g__veclen_16_no_cpy,4718592,1,180
division_by_zero_dace_g__veclen_16_no_cpy,4718592,2,172
division_by_zero_dace_g__veclen_16_no_cpy,4718592,3,176
division_by_zero_dace_g__veclen_16_no_cpy,4718592,4,1773
division_by_zero_dace_g__veclen_16_no_cpy,4718592,5,168
division_by_zero_dace_g__veclen_16_no_cpy,4718592,6,173
division_by_zero_dace_g__veclen_16_no_cpy,4718592,7,169
division_by_zero_dace_g__veclen_16_no_cpy,4718592,8,167
division_by_zero_dace_g__veclen_16_no_cpy,4718592,9,171
division_by_zero_dace_g__veclen_16_no_cpy,4718592,10,169
division_by_zero_dace_g__veclen_16_no_cpy,4718592,11,174
division_by_zero_dace_g__veclen_16_no_cpy,4718592,12,171
division_by_zero_dace_g__veclen_16_no_cpy,4718592,13,170
division_by_zero_dace_g__veclen_16_no_cpy,4718592,14,168
division_by_zero_dace_g__veclen_16_no_cpy,4718592,15,171
division_by_zero_dace_g__veclen_16_no_cpy,4718592,16,1670
division_by_zero_dace_g__veclen_16_no_cpy,4718592,17,174
division_by_zero_dace_g__veclen_16_no_cpy,4718592,18,170
division_by_zero_dace_g__veclen_16_no_cpy,4718592,19,168
division_by_zero_dace_g__veclen_16_cpy,4718592,0,211
division_by_zero_dace_g__veclen_16_cpy,4718592,1,216
division_by_zero_dace_g__veclen_16_cpy,4718592,2,207
division_by_zero_dace_g__veclen_16_cpy,4718592,3,579
division_by_zero_dace_g__veclen_16_cpy,4718592,4,200
division_by_zero_dace_g__veclen_16_cpy,4718592,5,206
division_by_zero_dace_g__veclen_16_cpy,4718592,6,203
division_by_zero_dace_g__veclen_16_cpy,4718592,7,211
division_by_zero_dace_g__veclen_16_cpy,4718592,8,207
division_by_zero_dace_g__veclen_16_cpy,4718592,9,200
division_by_zero_dace_g__veclen_16_cpy,4718592,10,201
division_by_zero_dace_g__veclen_16_cpy,4718592,11,209
division_by_zero_dace_g__veclen_16_cpy,4718592,12,234
division_by_zero_dace_g__veclen_16_cpy,4718592,13,202
division_by_zero_dace_g__veclen_16_cpy,4718592,14,199
division_by_zero_dace_g__veclen_16_cpy,4718592,15,204
division_by_zero_dace_g__veclen_16_cpy,4718592,16,251
division_by_zero_dace_g__veclen_16_cpy,4718592,17,203
division_by_zero_dace_g__veclen_16_cpy,4718592,18,199
division_by_zero_dace_g__veclen_16_cpy,4718592,19,846
division_by_zero_dace_g__veclen_32_no_cpy,4718592,0,169
division_by_zero_dace_g__veclen_32_no_cpy,4718592,1,167
division_by_zero_dace_g__veclen_32_no_cpy,4718592,2,165
division_by_zero_dace_g__veclen_32_no_cpy,4718592,3,503
division_by_zero_dace_g__veclen_32_no_cpy,4718592,4,167
division_by_zero_dace_g__veclen_32_no_cpy,4718592,5,167
division_by_zero_dace_g__veclen_32_no_cpy,4718592,6,169
division_by_zero_dace_g__veclen_32_no_cpy,4718592,7,167
division_by_zero_dace_g__veclen_32_no_cpy,4718592,8,165
division_by_zero_dace_g__veclen_32_no_cpy,4718592,9,167
division_by_zero_dace_g__veclen_32_no_cpy,4718592,10,167
division_by_zero_dace_g__veclen_32_no_cpy,4718592,11,164
division_by_zero_dace_g__veclen_32_no_cpy,4718592,12,167
division_by_zero_dace_g__veclen_32_no_cpy,4718592,13,165
division_by_zero_dace_g__veclen_32_no_cpy,4718592,14,308
division_by_zero_dace_g__veclen_32_no_cpy,4718592,15,166
division_by_zero_dace_g__veclen_32_no_cpy,4718592,16,168
division_by_zero_dace_g__veclen_32_no_cpy,4718592,17,166
division_by_zero_dace_g__veclen_32_no_cpy,4718592,18,165
division_by_zero_dace_g__veclen_32_no_cpy,4718592,19,163
division_by_zero_dace_g__veclen_32_cpy,4718592,0,216
division_by_zero_dace_g__veclen_32_cpy,4718592,1,208
division_by_zero_dace_g__veclen_32_cpy,4718592,2,206
division_by_zero_dace_g__veclen_32_cpy,4718592,3,641
division_by_zero_dace_g__veclen_32_cpy,4718592,4,211
division_by_zero_dace_g__veclen_32_cpy,4718592,5,207
division_by_zero_dace_g__veclen_32_cpy,4718592,6,204
division_by_zero_dace_g__veclen_32_cpy,4718592,7,208
division_by_zero_dace_g__veclen_32_cpy,4718592,8,208
division_by_zero_dace_g__veclen_32_cpy,4718592,9,203
division_by_zero_dace_g__veclen_32_cpy,4718592,10,208
division_by_zero_dace_g__veclen_32_cpy,4718592,11,207
division_by_zero_dace_g__veclen_32_cpy,4718592,12,207
division_by_zero_dace_g__veclen_32_cpy,4718592,13,203
division_by_zero_dace_g__veclen_32_cpy,4718592,14,978
division_by_zero_dace_g__veclen_32_cpy,4718592,15,200
division_by_zero_dace_g__veclen_32_cpy,4718592,16,197
division_by_zero_dace_g__veclen_32_cpy,4718592,17,196
division_by_zero_dace_g__veclen_32_cpy,4718592,18,202
division_by_zero_dace_g__veclen_32_cpy,4718592,19,203
division_by_zero_dace_g__veclen_64_no_cpy,4718592,0,175
division_by_zero_dace_g__veclen_64_no_cpy,4718592,1,196
division_by_zero_dace_g__veclen_64_no_cpy,4718592,2,162
division_by_zero_dace_g__veclen_64_no_cpy,4718592,3,160
division_by_zero_dace_g__veclen_64_no_cpy,4718592,4,1003
division_by_zero_dace_g__veclen_64_no_cpy,4718592,5,159
division_by_zero_dace_g__veclen_64_no_cpy,4718592,6,162
division_by_zero_dace_g__veclen_64_no_cpy,4718592,7,161
division_by_zero_dace_g__veclen_64_no_cpy,4718592,8,157
division_by_zero_dace_g__veclen_64_no_cpy,4718592,9,157
division_by_zero_dace_g__veclen_64_no_cpy,4718592,10,158
division_by_zero_dace_g__veclen_64_no_cpy,4718592,11,159
division_by_zero_dace_g__veclen_64_no_cpy,4718592,12,168
division_by_zero_dace_g__veclen_64_no_cpy,4718592,13,162
division_by_zero_dace_g__veclen_64_no_cpy,4718592,14,161
division_by_zero_dace_g__veclen_64_no_cpy,4718592,15,423
division_by_zero_dace_g__veclen_64_no_cpy,4718592,16,158
division_by_zero_dace_g__veclen_64_no_cpy,4718592,17,166
division_by_zero_dace_g__veclen_64_no_cpy,4718592,18,162
division_by_zero_dace_g__veclen_64_no_cpy,4718592,19,164
division_by_zero_dace_g__veclen_64_cpy,4718592,0,189
division_by_zero_dace_g__veclen_64_cpy,4718592,1,185
division_by_zero_dace_g__veclen_64_cpy,4718592,2,220
division_by_zero_dace_g__veclen_64_cpy,4718592,3,193
division_by_zero_dace_g__veclen_64_cpy,4718592,4,182
division_by_zero_dace_g__veclen_64_cpy,4718592,5,180
division_by_zero_dace_g__veclen_64_cpy,4718592,6,184
division_by_zero_dace_g__veclen_64_cpy,4718592,7,179
division_by_zero_dace_g__veclen_64_cpy,4718592,8,179
division_by_zero_dace_g__veclen_64_cpy,4718592,9,945
division_by_zero_dace_g__veclen_64_cpy,4718592,10,180
division_by_zero_dace_g__veclen_64_cpy,4718592,11,177
division_by_zero_dace_g__veclen_64_cpy,4718592,12,179
division_by_zero_dace_g__veclen_64_cpy,4718592,13,181
division_by_zero_dace_g__veclen_64_cpy,4718592,14,177
division_by_zero_dace_g__veclen_64_cpy,4718592,15,179
division_by_zero_dace_g__veclen_64_cpy,4718592,16,181
division_by_zero_dace_g__veclen_64_cpy,4718592,17,176
division_by_zero_dace_g__veclen_64_cpy,4718592,18,682
division_by_zero_dace_g__veclen_64_cpy,4718592,19,177
sdfg_name,size,rep,time_seconds
division_by_zero_dace,9437184,0,306
division_by_zero_dace,9437184,1,263
division_by_zero_dace,9437184,2,259
division_by_zero_dace,9437184,3,254
division_by_zero_dace,9437184,4,273
division_by_zero_dace,9437184,5,248
division_by_zero_dace,9437184,6,246
division_by_zero_dace,9437184,7,243
division_by_zero_dace,9437184,8,248
division_by_zero_dace,9437184,9,250
division_by_zero_dace,9437184,10,245
division_by_zero_dace,9437184,11,578
division_by_zero_dace,9437184,12,244
division_by_zero_dace,9437184,13,251
division_by_zero_dace,9437184,14,240
division_by_zero_dace,9437184,15,241
division_by_zero_dace,9437184,16,247
division_by_zero_dace,9437184,17,238
division_by_zero_dace,9437184,18,241
division_by_zero_dace,9437184,19,231
division_by_zero_dace_g__veclen_2_no_cpy,9437184,0,242
division_by_zero_dace_g__veclen_2_no_cpy,9437184,1,243
division_by_zero_dace_g__veclen_2_no_cpy,9437184,2,238
division_by_zero_dace_g__veclen_2_no_cpy,9437184,3,259
division_by_zero_dace_g__veclen_2_no_cpy,9437184,4,232
division_by_zero_dace_g__veclen_2_no_cpy,9437184,5,232
division_by_zero_dace_g__veclen_2_no_cpy,9437184,6,229
division_by_zero_dace_g__veclen_2_no_cpy,9437184,7,848
division_by_zero_dace_g__veclen_2_no_cpy,9437184,8,227
division_by_zero_dace_g__veclen_2_no_cpy,9437184,9,231
division_by_zero_dace_g__veclen_2_no_cpy,9437184,10,233
division_by_zero_dace_g__veclen_2_no_cpy,9437184,11,231
division_by_zero_dace_g__veclen_2_no_cpy,9437184,12,227
division_by_zero_dace_g__veclen_2_no_cpy,9437184,13,222
division_by_zero_dace_g__veclen_2_no_cpy,9437184,14,226
division_by_zero_dace_g__veclen_2_no_cpy,9437184,15,231
division_by_zero_dace_g__veclen_2_no_cpy,9437184,16,229
division_by_zero_dace_g__veclen_2_no_cpy,9437184,17,227
division_by_zero_dace_g__veclen_2_no_cpy,9437184,18,223
division_by_zero_dace_g__veclen_2_no_cpy,9437184,19,230
division_by_zero_dace_g__veclen_2_cpy,9437184,0,250
division_by_zero_dace_g__veclen_2_cpy,9437184,1,241
division_by_zero_dace_g__veclen_2_cpy,9437184,2,249
division_by_zero_dace_g__veclen_2_cpy,9437184,3,242
division_by_zero_dace_g__veclen_2_cpy,9437184,4,288
division_by_zero_dace_g__veclen_2_cpy,9437184,5,237
division_by_zero_dace_g__veclen_2_cpy,9437184,6,227
division_by_zero_dace_g__veclen_2_cpy,9437184,7,225
division_by_zero_dace_g__veclen_2_cpy,9437184,8,224
division_by_zero_dace_g__veclen_2_cpy,9437184,9,507
division_by_zero_dace_g__veclen_2_cpy,9437184,10,231
division_by_zero_dace_g__veclen_2_cpy,9437184,11,225
division_by_zero_dace_g__veclen_2_cpy,9437184,12,220
division_by_zero_dace_g__veclen_2_cpy,9437184,13,225
division_by_zero_dace_g__veclen_2_cpy,9437184,14,225
division_by_zero_dace_g__veclen_2_cpy,9437184,15,227
division_by_zero_dace_g__veclen_2_cpy,9437184,16,226
division_by_zero_dace_g__veclen_2_cpy,9437184,17,233
division_by_zero_dace_g__veclen_2_cpy,9437184,18,233
division_by_zero_dace_g__veclen_2_cpy,9437184,19,223
division_by_zero_dace_g__veclen_4_no_cpy,9437184,0,243
division_by_zero_dace_g__veclen_4_no_cpy,9437184,1,235
division_by_zero_dace_g__veclen_4_no_cpy,9437184,2,238
division_by_zero_dace_g__veclen_4_no_cpy,9437184,3,266
division_by_zero_dace_g__veclen_4_no_cpy,9437184,4,230
division_by_zero_dace_g__veclen_4_no_cpy,9437184,5,229
division_by_zero_dace_g__veclen_4_no_cpy,9437184,6,231
division_by_zero_dace_g__veclen_4_no_cpy,9437184,7,231
division_by_zero_dace_g__veclen_4_no_cpy,9437184,8,502
division_by_zero_dace_g__veclen_4_no_cpy,9437184,9,230
division_by_zero_dace_g__veclen_4_no_cpy,9437184,10,230
division_by_zero_dace_g__veclen_4_no_cpy,9437184,11,224
division_by_zero_dace_g__veclen_4_no_cpy,9437184,12,225
division_by_zero_dace_g__veclen_4_no_cpy,9437184,13,224
division_by_zero_dace_g__veclen_4_no_cpy,9437184,14,813
division_by_zero_dace_g__veclen_4_no_cpy,9437184,15,233
division_by_zero_dace_g__veclen_4_no_cpy,9437184,16,222
division_by_zero_dace_g__veclen_4_no_cpy,9437184,17,224
division_by_zero_dace_g__veclen_4_no_cpy,9437184,18,230
division_by_zero_dace_g__veclen_4_no_cpy,9437184,19,226
division_by_zero_dace_g__veclen_4_cpy,9437184,0,300
division_by_zero_dace_g__veclen_4_cpy,9437184,1,229
division_by_zero_dace_g__veclen_4_cpy,9437184,2,215
division_by_zero_dace_g__veclen_4_cpy,9437184,3,220
division_by_zero_dace_g__veclen_4_cpy,9437184,4,222
division_by_zero_dace_g__veclen_4_cpy,9437184,5,284
division_by_zero_dace_g__veclen_4_cpy,9437184,6,262
division_by_zero_dace_g__veclen_4_cpy,9437184,7,220
division_by_zero_dace_g__veclen_4_cpy,9437184,8,257
division_by_zero_dace_g__veclen_4_cpy,9437184,9,211
division_by_zero_dace_g__veclen_4_cpy,9437184,10,1167
division_by_zero_dace_g__veclen_4_cpy,9437184,11,214
division_by_zero_dace_g__veclen_4_cpy,9437184,12,213
division_by_zero_dace_g__veclen_4_cpy,9437184,13,209
division_by_zero_dace_g__veclen_4_cpy,9437184,14,214
division_by_zero_dace_g__veclen_4_cpy,9437184,15,208
division_by_zero_dace_g__veclen_4_cpy,9437184,16,206
division_by_zero_dace_g__veclen_4_cpy,9437184,17,1802
division_by_zero_dace_g__veclen_4_cpy,9437184,18,209
division_by_zero_dace_g__veclen_4_cpy,9437184,19,209
division_by_zero_dace_g__veclen_8_no_cpy,9437184,0,272
division_by_zero_dace_g__veclen_8_no_cpy,9437184,1,304
division_by_zero_dace_g__veclen_8_no_cpy,9437184,2,265
division_by_zero_dace_g__veclen_8_no_cpy,9437184,3,301
division_by_zero_dace_g__veclen_8_no_cpy,9437184,4,313
division_by_zero_dace_g__veclen_8_no_cpy,9437184,5,268
division_by_zero_dace_g__veclen_8_no_cpy,9437184,6,270
division_by_zero_dace_g__veclen_8_no_cpy,9437184,7,265
division_by_zero_dace_g__veclen_8_no_cpy,9437184,8,266
division_by_zero_dace_g__veclen_8_no_cpy,9437184,9,262
division_by_zero_dace_g__veclen_8_no_cpy,9437184,10,262
division_by_zero_dace_g__veclen_8_no_cpy,9437184,11,260
division_by_zero_dace_g__veclen_8_no_cpy,9437184,12,262
division_by_zero_dace_g__veclen_8_no_cpy,9437184,13,827
division_by_zero_dace_g__veclen_8_no_cpy,9437184,14,259
division_by_zero_dace_g__veclen_8_no_cpy,9437184,15,262
division_by_zero_dace_g__veclen_8_no_cpy,9437184,16,815
division_by_zero_dace_g__veclen_8_no_cpy,9437184,17,272
division_by_zero_dace_g__veclen_8_no_cpy,9437184,18,259
division_by_zero_dace_g__veclen_8_no_cpy,9437184,19,347
division_by_zero_dace_g__veclen_8_cpy,9437184,0,355
division_by_zero_dace_g__veclen_8_cpy,9437184,1,339
division_by_zero_dace_g__veclen_8_cpy,9437184,2,346
division_by_zero_dace_g__veclen_8_cpy,9437184,3,344
division_by_zero_dace_g__veclen_8_cpy,9437184,4,337
division_by_zero_dace_g__veclen_8_cpy,9437184,5,340
division_by_zero_dace_g__veclen_8_cpy,9437184,6,451
division_by_zero_dace_g__veclen_8_cpy,9437184,7,373
division_by_zero_dace_g__veclen_8_cpy,9437184,8,344
division_by_zero_dace_g__veclen_8_cpy,9437184,9,334
division_by_zero_dace_g__veclen_8_cpy,9437184,10,327
division_by_zero_dace_g__veclen_8_cpy,9437184,11,334
division_by_zero_dace_g__veclen_8_cpy,9437184,12,340
division_by_zero_dace_g__veclen_8_cpy,9437184,13,332
division_by_zero_dace_g__veclen_8_cpy,9437184,14,339
division_by_zero_dace_g__veclen_8_cpy,9437184,15,334
division_by_zero_dace_g__veclen_8_cpy,9437184,16,332
division_by_zero_dace_g__veclen_8_cpy,9437184,17,809
division_by_zero_dace_g__veclen_8_cpy,9437184,18,342
division_by_zero_dace_g__veclen_8_cpy,9437184,19,337
division_by_zero_dace_g__veclen_16_no_cpy,9437184,0,286
division_by_zero_dace_g__veclen_16_no_cpy,9437184,1,279
division_by_zero_dace_g__veclen_16_no_cpy,9437184,2,285
division_by_zero_dace_g__veclen_16_no_cpy,9437184,3,278
division_by_zero_dace_g__veclen_16_no_cpy,9437184,4,277
division_by_zero_dace_g__veclen_16_no_cpy,9437184,5,272
division_by_zero_dace_g__veclen_16_no_cpy,9437184,6,273
division_by_zero_dace_g__veclen_16_no_cpy,9437184,7,277
division_by_zero_dace_g__veclen_16_no_cpy,9437184,8,280
division_by_zero_dace_g__veclen_16_no_cpy,9437184,9,276
division_by_zero_dace_g__veclen_16_no_cpy,9437184,10,273
division_by_zero_dace_g__veclen_16_no_cpy,9437184,11,273
division_by_zero_dace_g__veclen_16_no_cpy,9437184,12,274
division_by_zero_dace_g__veclen_16_no_cpy,9437184,13,1376
division_by_zero_dace_g__veclen_16_no_cpy,9437184,14,270
division_by_zero_dace_g__veclen_16_no_cpy,9437184,15,274
division_by_zero_dace_g__veclen_16_no_cpy,9437184,16,275
division_by_zero_dace_g__veclen_16_no_cpy,9437184,17,271
division_by_zero_dace_g__veclen_16_no_cpy,9437184,18,275
division_by_zero_dace_g__veclen_16_no_cpy,9437184,19,1687
division_by_zero_dace_g__veclen_16_cpy,9437184,0,1134
division_by_zero_dace_g__veclen_16_cpy,9437184,1,344
division_by_zero_dace_g__veclen_16_cpy,9437184,2,339
division_by_zero_dace_g__veclen_16_cpy,9437184,3,380
division_by_zero_dace_g__veclen_16_cpy,9437184,4,346
division_by_zero_dace_g__veclen_16_cpy,9437184,5,341
division_by_zero_dace_g__veclen_16_cpy,9437184,6,361
division_by_zero_dace_g__veclen_16_cpy,9437184,7,1485
division_by_zero_dace_g__veclen_16_cpy,9437184,8,334
division_by_zero_dace_g__veclen_16_cpy,9437184,9,343
division_by_zero_dace_g__veclen_16_cpy,9437184,10,351
division_by_zero_dace_g__veclen_16_cpy,9437184,11,338
division_by_zero_dace_g__veclen_16_cpy,9437184,12,339
division_by_zero_dace_g__veclen_16_cpy,9437184,13,343
division_by_zero_dace_g__veclen_16_cpy,9437184,14,342
division_by_zero_dace_g__veclen_16_cpy,9437184,15,346
division_by_zero_dace_g__veclen_16_cpy,9437184,16,344
division_by_zero_dace_g__veclen_16_cpy,9437184,17,348
division_by_zero_dace_g__veclen_16_cpy,9437184,18,348
division_by_zero_dace_g__veclen_16_cpy,9437184,19,343
division_by_zero_dace_g__veclen_32_no_cpy,9437184,0,310
division_by_zero_dace_g__veclen_32_no_cpy,9437184,1,300
division_by_zero_dace_g__veclen_32_no_cpy,9437184,2,285
division_by_zero_dace_g__veclen_32_no_cpy,9437184,3,287
division_by_zero_dace_g__veclen_32_no_cpy,9437184,4,286
division_by_zero_dace_g__veclen_32_no_cpy,9437184,5,270
division_by_zero_dace_g__veclen_32_no_cpy,9437184,6,271
division_by_zero_dace_g__veclen_32_no_cpy,9437184,7,267
division_by_zero_dace_g__veclen_32_no_cpy,9437184,8,267
division_by_zero_dace_g__veclen_32_no_cpy,9437184,9,265
division_by_zero_dace_g__veclen_32_no_cpy,9437184,10,261
division_by_zero_dace_g__veclen_32_no_cpy,9437184,11,259
division_by_zero_dace_g__veclen_32_no_cpy,9437184,12,260
division_by_zero_dace_g__veclen_32_no_cpy,9437184,13,262
division_by_zero_dace_g__veclen_32_no_cpy,9437184,14,752
division_by_zero_dace_g__veclen_32_no_cpy,9437184,15,254
division_by_zero_dace_g__veclen_32_no_cpy,9437184,16,255
division_by_zero_dace_g__veclen_32_no_cpy,9437184,17,254
division_by_zero_dace_g__veclen_32_no_cpy,9437184,18,260
division_by_zero_dace_g__veclen_32_no_cpy,9437184,19,253
division_by_zero_dace_g__veclen_32_cpy,9437184,0,435
division_by_zero_dace_g__veclen_32_cpy,9437184,1,369
division_by_zero_dace_g__veclen_32_cpy,9437184,2,360
division_by_zero_dace_g__veclen_32_cpy,9437184,3,360
division_by_zero_dace_g__veclen_32_cpy,9437184,4,351
division_by_zero_dace_g__veclen_32_cpy,9437184,5,341
division_by_zero_dace_g__veclen_32_cpy,9437184,6,339
division_by_zero_dace_g__veclen_32_cpy,9437184,7,339
division_by_zero_dace_g__veclen_32_cpy,9437184,8,344
division_by_zero_dace_g__veclen_32_cpy,9437184,9,341
division_by_zero_dace_g__veclen_32_cpy,9437184,10,343
division_by_zero_dace_g__veclen_32_cpy,9437184,11,337
division_by_zero_dace_g__veclen_32_cpy,9437184,12,1479
division_by_zero_dace_g__veclen_32_cpy,9437184,13,340
division_by_zero_dace_g__veclen_32_cpy,9437184,14,335
division_by_zero_dace_g__veclen_32_cpy,9437184,15,344
division_by_zero_dace_g__veclen_32_cpy,9437184,16,335
division_by_zero_dace_g__veclen_32_cpy,9437184,17,344
division_by_zero_dace_g__veclen_32_cpy,9437184,18,336
division_by_zero_dace_g__veclen_32_cpy,9437184,19,643
division_by_zero_dace_g__veclen_64_no_cpy,9437184,0,696
division_by_zero_dace_g__veclen_64_no_cpy,9437184,1,311
division_by_zero_dace_g__veclen_64_no_cpy,9437184,2,300
division_by_zero_dace_g__veclen_64_no_cpy,9437184,3,297
division_by_zero_dace_g__veclen_64_no_cpy,9437184,4,286
division_by_zero_dace_g__veclen_64_no_cpy,9437184,5,284
division_by_zero_dace_g__veclen_64_no_cpy,9437184,6,281
division_by_zero_dace_g__veclen_64_no_cpy,9437184,7,280
division_by_zero_dace_g__veclen_64_no_cpy,9437184,8,282
division_by_zero_dace_g__veclen_64_no_cpy,9437184,9,278
division_by_zero_dace_g__veclen_64_no_cpy,9437184,10,293
division_by_zero_dace_g__veclen_64_no_cpy,9437184,11,284
division_by_zero_dace_g__veclen_64_no_cpy,9437184,12,274
division_by_zero_dace_g__veclen_64_no_cpy,9437184,13,273
division_by_zero_dace_g__veclen_64_no_cpy,9437184,14,2454
division_by_zero_dace_g__veclen_64_no_cpy,9437184,15,272
division_by_zero_dace_g__veclen_64_no_cpy,9437184,16,269
division_by_zero_dace_g__veclen_64_no_cpy,9437184,17,313
division_by_zero_dace_g__veclen_64_no_cpy,9437184,18,262
division_by_zero_dace_g__veclen_64_no_cpy,9437184,19,267
division_by_zero_dace_g__veclen_64_cpy,9437184,0,620
division_by_zero_dace_g__veclen_64_cpy,9437184,1,336
division_by_zero_dace_g__veclen_64_cpy,9437184,2,411
division_by_zero_dace_g__veclen_64_cpy,9437184,3,346
division_by_zero_dace_g__veclen_64_cpy,9437184,4,313
division_by_zero_dace_g__veclen_64_cpy,9437184,5,1002
division_by_zero_dace_g__veclen_64_cpy,9437184,6,301
division_by_zero_dace_g__veclen_64_cpy,9437184,7,296
division_by_zero_dace_g__veclen_64_cpy,9437184,8,328
division_by_zero_dace_g__veclen_64_cpy,9437184,9,299
division_by_zero_dace_g__veclen_64_cpy,9437184,10,304
division_by_zero_dace_g__veclen_64_cpy,9437184,11,1669
division_by_zero_dace_g__veclen_64_cpy,9437184,12,293
division_by_zero_dace_g__veclen_64_cpy,9437184,13,325
division_by_zero_dace_g__veclen_64_cpy,9437184,14,290
division_by_zero_dace_g__veclen_64_cpy,9437184,15,299
division_by_zero_dace_g__veclen_64_cpy,9437184,16,296
division_by_zero_dace_g__veclen_64_cpy,9437184,17,292
division_by_zero_dace_g__veclen_64_cpy,9437184,18,294
division_by_zero_dace_g__veclen_64_cpy,9437184,19,294
sdfg_name,size,rep,time_seconds
division_by_zero_dace,18874368,0,1159
division_by_zero_dace,18874368,1,598
division_by_zero_dace,18874368,2,569
division_by_zero_dace,18874368,3,553
division_by_zero_dace,18874368,4,546
division_by_zero_dace,18874368,5,545
division_by_zero_dace,18874368,6,538
division_by_zero_dace,18874368,7,1004
division_by_zero_dace,18874368,8,550
division_by_zero_dace,18874368,9,528
division_by_zero_dace,18874368,10,536
division_by_zero_dace,18874368,11,540
division_by_zero_dace,18874368,12,597
division_by_zero_dace,18874368,13,491
division_by_zero_dace,18874368,14,490
division_by_zero_dace,18874368,15,477
division_by_zero_dace,18874368,16,483
division_by_zero_dace,18874368,17,476
division_by_zero_dace,18874368,18,477
division_by_zero_dace,18874368,19,487
division_by_zero_dace_g__veclen_2_no_cpy,18874368,0,568
division_by_zero_dace_g__veclen_2_no_cpy,18874368,1,530
division_by_zero_dace_g__veclen_2_no_cpy,18874368,2,525
division_by_zero_dace_g__veclen_2_no_cpy,18874368,3,516
division_by_zero_dace_g__veclen_2_no_cpy,18874368,4,524
division_by_zero_dace_g__veclen_2_no_cpy,18874368,5,509
division_by_zero_dace_g__veclen_2_no_cpy,18874368,6,506
division_by_zero_dace_g__veclen_2_no_cpy,18874368,7,534
division_by_zero_dace_g__veclen_2_no_cpy,18874368,8,511
division_by_zero_dace_g__veclen_2_no_cpy,18874368,9,525
division_by_zero_dace_g__veclen_2_no_cpy,18874368,10,535
division_by_zero_dace_g__veclen_2_no_cpy,18874368,11,504
division_by_zero_dace_g__veclen_2_no_cpy,18874368,12,497
division_by_zero_dace_g__veclen_2_no_cpy,18874368,13,491
division_by_zero_dace_g__veclen_2_no_cpy,18874368,14,519
division_by_zero_dace_g__veclen_2_no_cpy,18874368,15,490
division_by_zero_dace_g__veclen_2_no_cpy,18874368,16,574
division_by_zero_dace_g__veclen_2_no_cpy,18874368,17,501
division_by_zero_dace_g__veclen_2_no_cpy,18874368,18,495
division_by_zero_dace_g__veclen_2_no_cpy,18874368,19,506
division_by_zero_dace_g__veclen_2_cpy,18874368,0,553
division_by_zero_dace_g__veclen_2_cpy,18874368,1,533
division_by_zero_dace_g__veclen_2_cpy,18874368,2,529
division_by_zero_dace_g__veclen_2_cpy,18874368,3,518
division_by_zero_dace_g__veclen_2_cpy,18874368,4,510
division_by_zero_dace_g__veclen_2_cpy,18874368,5,566
division_by_zero_dace_g__veclen_2_cpy,18874368,6,518
division_by_zero_dace_g__veclen_2_cpy,18874368,7,513
division_by_zero_dace_g__veclen_2_cpy,18874368,8,502
division_by_zero_dace_g__veclen_2_cpy,18874368,9,505
division_by_zero_dace_g__veclen_2_cpy,18874368,10,502
division_by_zero_dace_g__veclen_2_cpy,18874368,11,502
division_by_zero_dace_g__veclen_2_cpy,18874368,12,501
division_by_zero_dace_g__veclen_2_cpy,18874368,13,511
division_by_zero_dace_g__veclen_2_cpy,18874368,14,506
division_by_zero_dace_g__veclen_2_cpy,18874368,15,525
division_by_zero_dace_g__veclen_2_cpy,18874368,16,815
division_by_zero_dace_g__veclen_2_cpy,18874368,17,903
division_by_zero_dace_g__veclen_2_cpy,18874368,18,516
division_by_zero_dace_g__veclen_2_cpy,18874368,19,506
division_by_zero_dace_g__veclen_4_no_cpy,18874368,0,553
division_by_zero_dace_g__veclen_4_no_cpy,18874368,1,522
division_by_zero_dace_g__veclen_4_no_cpy,18874368,2,525
division_by_zero_dace_g__veclen_4_no_cpy,18874368,3,520
division_by_zero_dace_g__veclen_4_no_cpy,18874368,4,509
division_by_zero_dace_g__veclen_4_no_cpy,18874368,5,507
division_by_zero_dace_g__veclen_4_no_cpy,18874368,6,513
division_by_zero_dace_g__veclen_4_no_cpy,18874368,7,504
division_by_zero_dace_g__veclen_4_no_cpy,18874368,8,501
division_by_zero_dace_g__veclen_4_no_cpy,18874368,9,501
division_by_zero_dace_g__veclen_4_no_cpy,18874368,10,506
division_by_zero_dace_g__veclen_4_no_cpy,18874368,11,502
division_by_zero_dace_g__veclen_4_no_cpy,18874368,12,515
division_by_zero_dace_g__veclen_4_no_cpy,18874368,13,700
division_by_zero_dace_g__veclen_4_no_cpy,18874368,14,499
division_by_zero_dace_g__veclen_4_no_cpy,18874368,15,514
division_by_zero_dace_g__veclen_4_no_cpy,18874368,16,888
division_by_zero_dace_g__veclen_4_no_cpy,18874368,17,500
division_by_zero_dace_g__veclen_4_no_cpy,18874368,18,496
division_by_zero_dace_g__veclen_4_no_cpy,18874368,19,503
division_by_zero_dace_g__veclen_4_cpy,18874368,0,829
division_by_zero_dace_g__veclen_4_cpy,18874368,1,830
division_by_zero_dace_g__veclen_4_cpy,18874368,2,875
division_by_zero_dace_g__veclen_4_cpy,18874368,3,945
division_by_zero_dace_g__veclen_4_cpy,18874368,4,868
division_by_zero_dace_g__veclen_4_cpy,18874368,5,1869
division_by_zero_dace_g__veclen_4_cpy,18874368,6,831
division_by_zero_dace_g__veclen_4_cpy,18874368,7,1000
division_by_zero_dace_g__veclen_4_cpy,18874368,8,844
division_by_zero_dace_g__veclen_4_cpy,18874368,9,855
division_by_zero_dace_g__veclen_4_cpy,18874368,10,912
division_by_zero_dace_g__veclen_4_cpy,18874368,11,855
division_by_zero_dace_g__veclen_4_cpy,18874368,12,866
division_by_zero_dace_g__veclen_4_cpy,18874368,13,830
division_by_zero_dace_g__veclen_4_cpy,18874368,14,832
division_by_zero_dace_g__veclen_4_cpy,18874368,15,811
division_by_zero_dace_g__veclen_4_cpy,18874368,16,806
division_by_zero_dace_g__veclen_4_cpy,18874368,17,840
division_by_zero_dace_g__veclen_4_cpy,18874368,18,812
division_by_zero_dace_g__veclen_4_cpy,18874368,19,926
division_by_zero_dace_g__veclen_8_no_cpy,18874368,0,645
division_by_zero_dace_g__veclen_8_no_cpy,18874368,1,690
division_by_zero_dace_g__veclen_8_no_cpy,18874368,2,537
division_by_zero_dace_g__veclen_8_no_cpy,18874368,3,529
division_by_zero_dace_g__veclen_8_no_cpy,18874368,4,535
division_by_zero_dace_g__veclen_8_no_cpy,18874368,5,533
division_by_zero_dace_g__veclen_8_no_cpy,18874368,6,519
division_by_zero_dace_g__veclen_8_no_cpy,18874368,7,521
division_by_zero_dace_g__veclen_8_no_cpy,18874368,8,503
division_by_zero_dace_g__veclen_8_no_cpy,18874368,9,513
division_by_zero_dace_g__veclen_8_no_cpy,18874368,10,508
division_by_zero_dace_g__veclen_8_no_cpy,18874368,11,526
division_by_zero_dace_g__veclen_8_no_cpy,18874368,12,491
division_by_zero_dace_g__veclen_8_no_cpy,18874368,13,502
division_by_zero_dace_g__veclen_8_no_cpy,18874368,14,492
division_by_zero_dace_g__veclen_8_no_cpy,18874368,15,488
division_by_zero_dace_g__veclen_8_no_cpy,18874368,16,580
division_by_zero_dace_g__veclen_8_no_cpy,18874368,17,753
division_by_zero_dace_g__veclen_8_no_cpy,18874368,18,641
division_by_zero_dace_g__veclen_8_no_cpy,18874368,19,513
division_by_zero_dace_g__veclen_8_cpy,18874368,0,678
division_by_zero_dace_g__veclen_8_cpy,18874368,1,648
division_by_zero_dace_g__veclen_8_cpy,18874368,2,604
division_by_zero_dace_g__veclen_8_cpy,18874368,3,602
division_by_zero_dace_g__veclen_8_cpy,18874368,4,986
division_by_zero_dace_g__veclen_8_cpy,18874368,5,614
division_by_zero_dace_g__veclen_8_cpy,18874368,6,610
division_by_zero_dace_g__veclen_8_cpy,18874368,7,607
division_by_zero_dace_g__veclen_8_cpy,18874368,8,608
division_by_zero_dace_g__veclen_8_cpy,18874368,9,602
division_by_zero_dace_g__veclen_8_cpy,18874368,10,608
division_by_zero_dace_g__veclen_8_cpy,18874368,11,668
division_by_zero_dace_g__veclen_8_cpy,18874368,12,2449
division_by_zero_dace_g__veclen_8_cpy,18874368,13,621
division_by_zero_dace_g__veclen_8_cpy,18874368,14,662
division_by_zero_dace_g__veclen_8_cpy,18874368,15,1026
division_by_zero_dace_g__veclen_8_cpy,18874368,16,647
division_by_zero_dace_g__veclen_8_cpy,18874368,17,603
division_by_zero_dace_g__veclen_8_cpy,18874368,18,608
division_by_zero_dace_g__veclen_8_cpy,18874368,19,600
division_by_zero_dace_g__veclen_16_no_cpy,18874368,0,675
division_by_zero_dace_g__veclen_16_no_cpy,18874368,1,609
division_by_zero_dace_g__veclen_16_no_cpy,18874368,2,654
division_by_zero_dace_g__veclen_16_no_cpy,18874368,3,656
division_by_zero_dace_g__veclen_16_no_cpy,18874368,4,654
division_by_zero_dace_g__veclen_16_no_cpy,18874368,5,665
division_by_zero_dace_g__veclen_16_no_cpy,18874368,6,667
division_by_zero_dace_g__veclen_16_no_cpy,18874368,7,688
division_by_zero_dace_g__veclen_16_no_cpy,18874368,8,836
division_by_zero_dace_g__veclen_16_no_cpy,18874368,9,692
division_by_zero_dace_g__veclen_16_no_cpy,18874368,10,682
division_by_zero_dace_g__veclen_16_no_cpy,18874368,11,706
division_by_zero_dace_g__veclen_16_no_cpy,18874368,12,728
division_by_zero_dace_g__veclen_16_no_cpy,18874368,13,719
division_by_zero_dace_g__veclen_16_no_cpy,18874368,14,730
division_by_zero_dace_g__veclen_16_no_cpy,18874368,15,792
division_by_zero_dace_g__veclen_16_no_cpy,18874368,16,726
division_by_zero_dace_g__veclen_16_no_cpy,18874368,17,745
division_by_zero_dace_g__veclen_16_no_cpy,18874368,18,2704
division_by_zero_dace_g__veclen_16_no_cpy,18874368,19,721
division_by_zero_dace_g__veclen_16_cpy,18874368,0,794
division_by_zero_dace_g__veclen_16_cpy,18874368,1,758
division_by_zero_dace_g__veclen_16_cpy,18874368,2,785
division_by_zero_dace_g__veclen_16_cpy,18874368,3,754
division_by_zero_dace_g__veclen_16_cpy,18874368,4,1809
division_by_zero_dace_g__veclen_16_cpy,18874368,5,768
division_by_zero_dace_g__veclen_16_cpy,18874368,6,803
division_by_zero_dace_g__veclen_16_cpy,18874368,7,807
division_by_zero_dace_g__veclen_16_cpy,18874368,8,789
division_by_zero_dace_g__veclen_16_cpy,18874368,9,828
division_by_zero_dace_g__veclen_16_cpy,18874368,10,797
division_by_zero_dace_g__veclen_16_cpy,18874368,11,805
division_by_zero_dace_g__veclen_16_cpy,18874368,12,811
division_by_zero_dace_g__veclen_16_cpy,18874368,13,797
division_by_zero_dace_g__veclen_16_cpy,18874368,14,797
division_by_zero_dace_g__veclen_16_cpy,18874368,15,783
division_by_zero_dace_g__veclen_16_cpy,18874368,16,794
division_by_zero_dace_g__veclen_16_cpy,18874368,17,952
division_by_zero_dace_g__veclen_16_cpy,18874368,18,824
division_by_zero_dace_g__veclen_16_cpy,18874368,19,799
division_by_zero_dace_g__veclen_32_no_cpy,18874368,0,658
division_by_zero_dace_g__veclen_32_no_cpy,18874368,1,651
division_by_zero_dace_g__veclen_32_no_cpy,18874368,2,630
division_by_zero_dace_g__veclen_32_no_cpy,18874368,3,594
division_by_zero_dace_g__veclen_32_no_cpy,18874368,4,598
division_by_zero_dace_g__veclen_32_no_cpy,18874368,5,1459
division_by_zero_dace_g__veclen_32_no_cpy,18874368,6,593
division_by_zero_dace_g__veclen_32_no_cpy,18874368,7,561
division_by_zero_dace_g__veclen_32_no_cpy,18874368,8,568
division_by_zero_dace_g__veclen_32_no_cpy,18874368,9,540
division_by_zero_dace_g__veclen_32_no_cpy,18874368,10,549
division_by_zero_dace_g__veclen_32_no_cpy,18874368,11,536
division_by_zero_dace_g__veclen_32_no_cpy,18874368,12,998
division_by_zero_dace_g__veclen_32_no_cpy,18874368,13,568
division_by_zero_dace_g__veclen_32_no_cpy,18874368,14,549
division_by_zero_dace_g__veclen_32_no_cpy,18874368,15,589
division_by_zero_dace_g__veclen_32_no_cpy,18874368,16,542
division_by_zero_dace_g__veclen_32_no_cpy,18874368,17,1577
division_by_zero_dace_g__veclen_32_no_cpy,18874368,18,572
division_by_zero_dace_g__veclen_32_no_cpy,18874368,19,560
division_by_zero_dace_g__veclen_32_cpy,18874368,0,700
division_by_zero_dace_g__veclen_32_cpy,18874368,1,679
division_by_zero_dace_g__veclen_32_cpy,18874368,2,669
division_by_zero_dace_g__veclen_32_cpy,18874368,3,664
division_by_zero_dace_g__veclen_32_cpy,18874368,4,664
division_by_zero_dace_g__veclen_32_cpy,18874368,5,664
division_by_zero_dace_g__veclen_32_cpy,18874368,6,646
division_by_zero_dace_g__veclen_32_cpy,18874368,7,645
division_by_zero_dace_g__veclen_32_cpy,18874368,8,641
division_by_zero_dace_g__veclen_32_cpy,18874368,9,651
division_by_zero_dace_g__veclen_32_cpy,18874368,10,644
division_by_zero_dace_g__veclen_32_cpy,18874368,11,640
division_by_zero_dace_g__veclen_32_cpy,18874368,12,1740
division_by_zero_dace_g__veclen_32_cpy,18874368,13,649
division_by_zero_dace_g__veclen_32_cpy,18874368,14,648
division_by_zero_dace_g__veclen_32_cpy,18874368,15,646
division_by_zero_dace_g__veclen_32_cpy,18874368,16,640
division_by_zero_dace_g__veclen_32_cpy,18874368,17,3009
division_by_zero_dace_g__veclen_32_cpy,18874368,18,649
division_by_zero_dace_g__veclen_32_cpy,18874368,19,650
division_by_zero_dace_g__veclen_64_no_cpy,18874368,0,682
division_by_zero_dace_g__veclen_64_no_cpy,18874368,1,665
division_by_zero_dace_g__veclen_64_no_cpy,18874368,2,664
division_by_zero_dace_g__veclen_64_no_cpy,18874368,3,649
division_by_zero_dace_g__veclen_64_no_cpy,18874368,4,637
division_by_zero_dace_g__veclen_64_no_cpy,18874368,5,1268
division_by_zero_dace_g__veclen_64_no_cpy,18874368,6,696
division_by_zero_dace_g__veclen_64_no_cpy,18874368,7,603
division_by_zero_dace_g__veclen_64_no_cpy,18874368,8,2416
division_by_zero_dace_g__veclen_64_no_cpy,18874368,9,633
division_by_zero_dace_g__veclen_64_no_cpy,18874368,10,622
division_by_zero_dace_g__veclen_64_no_cpy,18874368,11,637
division_by_zero_dace_g__veclen_64_no_cpy,18874368,12,624
division_by_zero_dace_g__veclen_64_no_cpy,18874368,13,614
division_by_zero_dace_g__veclen_64_no_cpy,18874368,14,616
division_by_zero_dace_g__veclen_64_no_cpy,18874368,15,591
division_by_zero_dace_g__veclen_64_no_cpy,18874368,16,593
division_by_zero_dace_g__veclen_64_no_cpy,18874368,17,602
division_by_zero_dace_g__veclen_64_no_cpy,18874368,18,612
division_by_zero_dace_g__veclen_64_no_cpy,18874368,19,1458
division_by_zero_dace_g__veclen_64_cpy,18874368,0,717
division_by_zero_dace_g__veclen_64_cpy,18874368,1,706
division_by_zero_dace_g__veclen_64_cpy,18874368,2,688
division_by_zero_dace_g__veclen_64_cpy,18874368,3,670
division_by_zero_dace_g__veclen_64_cpy,18874368,4,664
division_by_zero_dace_g__veclen_64_cpy,18874368,5,649
division_by_zero_dace_g__veclen_64_cpy,18874368,6,655
division_by_zero_dace_g__veclen_64_cpy,18874368,7,646
division_by_zero_dace_g__veclen_64_cpy,18874368,8,630
division_by_zero_dace_g__veclen_64_cpy,18874368,9,1275
division_by_zero_dace_g__veclen_64_cpy,18874368,10,651
division_by_zero_dace_g__veclen_64_cpy,18874368,11,639
division_by_zero_dace_g__veclen_64_cpy,18874368,12,641
division_by_zero_dace_g__veclen_64_cpy,18874368,13,628
division_by_zero_dace_g__veclen_64_cpy,18874368,14,633
division_by_zero_dace_g__veclen_64_cpy,18874368,15,2859
division_by_zero_dace_g__veclen_64_cpy,18874368,16,630
division_by_zero_dace_g__veclen_64_cpy,18874368,17,629
division_by_zero_dace_g__veclen_64_cpy,18874368,18,622
division_by_zero_dace_g__veclen_64_cpy,18874368,19,619
sdfg_name,size,rep,time_seconds
division_by_zero_dace,37748736,0,1589
division_by_zero_dace,37748736,1,1323
division_by_zero_dace,37748736,2,1328
division_by_zero_dace,37748736,3,1262
division_by_zero_dace,37748736,4,1280
division_by_zero_dace,37748736,5,1271
division_by_zero_dace,37748736,6,1538
division_by_zero_dace,37748736,7,1212
division_by_zero_dace,37748736,8,1239
division_by_zero_dace,37748736,9,1220
division_by_zero_dace,37748736,10,1237
division_by_zero_dace,37748736,11,1282
division_by_zero_dace,37748736,12,1286
division_by_zero_dace,37748736,13,1194
division_by_zero_dace,37748736,14,1280
division_by_zero_dace,37748736,15,1387
division_by_zero_dace,37748736,16,1158
division_by_zero_dace,37748736,17,1773
division_by_zero_dace,37748736,18,1157
division_by_zero_dace,37748736,19,1174
division_by_zero_dace_g__veclen_2_no_cpy,37748736,0,1284
division_by_zero_dace_g__veclen_2_no_cpy,37748736,1,1209
division_by_zero_dace_g__veclen_2_no_cpy,37748736,2,1227
division_by_zero_dace_g__veclen_2_no_cpy,37748736,3,1210
division_by_zero_dace_g__veclen_2_no_cpy,37748736,4,1279
division_by_zero_dace_g__veclen_2_no_cpy,37748736,5,1298
division_by_zero_dace_g__veclen_2_no_cpy,37748736,6,1212
division_by_zero_dace_g__veclen_2_no_cpy,37748736,7,1212
division_by_zero_dace_g__veclen_2_no_cpy,37748736,8,1177
division_by_zero_dace_g__veclen_2_no_cpy,37748736,9,1191
division_by_zero_dace_g__veclen_2_no_cpy,37748736,10,3335
division_by_zero_dace_g__veclen_2_no_cpy,37748736,11,1139
division_by_zero_dace_g__veclen_2_no_cpy,37748736,12,1348
division_by_zero_dace_g__veclen_2_no_cpy,37748736,13,1208
division_by_zero_dace_g__veclen_2_no_cpy,37748736,14,1162
division_by_zero_dace_g__veclen_2_no_cpy,37748736,15,2970
division_by_zero_dace_g__veclen_2_no_cpy,37748736,16,1169
division_by_zero_dace_g__veclen_2_no_cpy,37748736,17,2797
division_by_zero_dace_g__veclen_2_no_cpy,37748736,18,1205
division_by_zero_dace_g__veclen_2_no_cpy,37748736,19,1124
division_by_zero_dace_g__veclen_2_cpy,37748736,0,1258
division_by_zero_dace_g__veclen_2_cpy,37748736,1,1203
division_by_zero_dace_g__veclen_2_cpy,37748736,2,1229
division_by_zero_dace_g__veclen_2_cpy,37748736,3,1244
division_by_zero_dace_g__veclen_2_cpy,37748736,4,1214
division_by_zero_dace_g__veclen_2_cpy,37748736,5,1340
division_by_zero_dace_g__veclen_2_cpy,37748736,6,1412
division_by_zero_dace_g__veclen_2_cpy,37748736,7,1147
division_by_zero_dace_g__veclen_2_cpy,37748736,8,1189
division_by_zero_dace_g__veclen_2_cpy,37748736,9,1223
division_by_zero_dace_g__veclen_2_cpy,37748736,10,1155
division_by_zero_dace_g__veclen_2_cpy,37748736,11,3321
division_by_zero_dace_g__veclen_2_cpy,37748736,12,1198
division_by_zero_dace_g__veclen_2_cpy,37748736,13,1161
division_by_zero_dace_g__veclen_2_cpy,37748736,14,1187
division_by_zero_dace_g__veclen_2_cpy,37748736,15,1213
division_by_zero_dace_g__veclen_2_cpy,37748736,16,2116
division_by_zero_dace_g__veclen_2_cpy,37748736,17,1226
division_by_zero_dace_g__veclen_2_cpy,37748736,18,1205
division_by_zero_dace_g__veclen_2_cpy,37748736,19,1138
division_by_zero_dace_g__veclen_4_no_cpy,37748736,0,1251
division_by_zero_dace_g__veclen_4_no_cpy,37748736,1,1259
division_by_zero_dace_g__veclen_4_no_cpy,37748736,2,1231
division_by_zero_dace_g__veclen_4_no_cpy,37748736,3,1253
division_by_zero_dace_g__veclen_4_no_cpy,37748736,4,1281
division_by_zero_dace_g__veclen_4_no_cpy,37748736,5,1361
division_by_zero_dace_g__veclen_4_no_cpy,37748736,6,1268
division_by_zero_dace_g__veclen_4_no_cpy,37748736,7,1246
division_by_zero_dace_g__veclen_4_no_cpy,37748736,8,1139
division_by_zero_dace_g__veclen_4_no_cpy,37748736,9,1140
division_by_zero_dace_g__veclen_4_no_cpy,37748736,10,1292
division_by_zero_dace_g__veclen_4_no_cpy,37748736,11,1137
division_by_zero_dace_g__veclen_4_no_cpy,37748736,12,1164
division_by_zero_dace_g__veclen_4_no_cpy,37748736,13,1186
division_by_zero_dace_g__veclen_4_no_cpy,37748736,14,1161
division_by_zero_dace_g__veclen_4_no_cpy,37748736,15,2982
division_by_zero_dace_g__veclen_4_no_cpy,37748736,16,1200
division_by_zero_dace_g__veclen_4_no_cpy,37748736,17,1764
division_by_zero_dace_g__veclen_4_no_cpy,37748736,18,1139
division_by_zero_dace_g__veclen_4_no_cpy,37748736,19,1246
division_by_zero_dace_g__veclen_4_cpy,37748736,0,1821
division_by_zero_dace_g__veclen_4_cpy,37748736,1,1876
division_by_zero_dace_g__veclen_4_cpy,37748736,2,1879
division_by_zero_dace_g__veclen_4_cpy,37748736,3,1872
division_by_zero_dace_g__veclen_4_cpy,37748736,4,1866
division_by_zero_dace_g__veclen_4_cpy,37748736,5,1910
division_by_zero_dace_g__veclen_4_cpy,37748736,6,1845
division_by_zero_dace_g__veclen_4_cpy,37748736,7,1843
division_by_zero_dace_g__veclen_4_cpy,37748736,8,1856
division_by_zero_dace_g__veclen_4_cpy,37748736,9,1822
division_by_zero_dace_g__veclen_4_cpy,37748736,10,1814
division_by_zero_dace_g__veclen_4_cpy,37748736,11,1883
division_by_zero_dace_g__veclen_4_cpy,37748736,12,3503
division_by_zero_dace_g__veclen_4_cpy,37748736,13,1725
division_by_zero_dace_g__veclen_4_cpy,37748736,14,1798
division_by_zero_dace_g__veclen_4_cpy,37748736,15,1768
division_by_zero_dace_g__veclen_4_cpy,37748736,16,1739
division_by_zero_dace_g__veclen_4_cpy,37748736,17,1761
division_by_zero_dace_g__veclen_4_cpy,37748736,18,1738
division_by_zero_dace_g__veclen_4_cpy,37748736,19,1744
division_by_zero_dace_g__veclen_8_no_cpy,37748736,0,1718
division_by_zero_dace_g__veclen_8_no_cpy,37748736,1,1415
division_by_zero_dace_g__veclen_8_no_cpy,37748736,2,1647
division_by_zero_dace_g__veclen_8_no_cpy,37748736,3,1251
division_by_zero_dace_g__veclen_8_no_cpy,37748736,4,1464
division_by_zero_dace_g__veclen_8_no_cpy,37748736,5,1371
division_by_zero_dace_g__veclen_8_no_cpy,37748736,6,1314
division_by_zero_dace_g__veclen_8_no_cpy,37748736,7,1381
division_by_zero_dace_g__veclen_8_no_cpy,37748736,8,1281
division_by_zero_dace_g__veclen_8_no_cpy,37748736,9,2451
division_by_zero_dace_g__veclen_8_no_cpy,37748736,10,1298
division_by_zero_dace_g__veclen_8_no_cpy,37748736,11,1219
division_by_zero_dace_g__veclen_8_no_cpy,37748736,12,1249
division_by_zero_dace_g__veclen_8_no_cpy,37748736,13,1356
division_by_zero_dace_g__veclen_8_no_cpy,37748736,14,1267
division_by_zero_dace_g__veclen_8_no_cpy,37748736,15,2302
division_by_zero_dace_g__veclen_8_no_cpy,37748736,16,1156
division_by_zero_dace_g__veclen_8_no_cpy,37748736,17,1258
division_by_zero_dace_g__veclen_8_no_cpy,37748736,18,1587
division_by_zero_dace_g__veclen_8_no_cpy,37748736,19,1172
division_by_zero_dace_g__veclen_8_cpy,37748736,0,1304
division_by_zero_dace_g__veclen_8_cpy,37748736,1,1236
division_by_zero_dace_g__veclen_8_cpy,37748736,2,2087
division_by_zero_dace_g__veclen_8_cpy,37748736,3,1379
division_by_zero_dace_g__veclen_8_cpy,37748736,4,1248
division_by_zero_dace_g__veclen_8_cpy,37748736,5,1408
division_by_zero_dace_g__veclen_8_cpy,37748736,6,1371
division_by_zero_dace_g__veclen_8_cpy,37748736,7,1184
division_by_zero_dace_g__veclen_8_cpy,37748736,8,3801
division_by_zero_dace_g__veclen_8_cpy,37748736,9,1419
division_by_zero_dace_g__veclen_8_cpy,37748736,10,1208
division_by_zero_dace_g__veclen_8_cpy,37748736,11,1269
division_by_zero_dace_g__veclen_8_cpy,37748736,12,1197
division_by_zero_dace_g__veclen_8_cpy,37748736,13,2249
division_by_zero_dace_g__veclen_8_cpy,37748736,14,1408
division_by_zero_dace_g__veclen_8_cpy,37748736,15,1223
division_by_zero_dace_g__veclen_8_cpy,37748736,16,2501
division_by_zero_dace_g__veclen_8_cpy,37748736,17,1436
division_by_zero_dace_g__veclen_8_cpy,37748736,18,1226
division_by_zero_dace_g__veclen_8_cpy,37748736,19,1317
division_by_zero_dace_g__veclen_16_no_cpy,37748736,0,1559
division_by_zero_dace_g__veclen_16_no_cpy,37748736,1,1630
division_by_zero_dace_g__veclen_16_no_cpy,37748736,2,1577
division_by_zero_dace_g__veclen_16_no_cpy,37748736,3,1482
division_by_zero_dace_g__veclen_16_no_cpy,37748736,4,1480
division_by_zero_dace_g__veclen_16_no_cpy,37748736,5,1630
division_by_zero_dace_g__veclen_16_no_cpy,37748736,6,1585
division_by_zero_dace_g__veclen_16_no_cpy,37748736,7,1640
division_by_zero_dace_g__veclen_16_no_cpy,37748736,8,1435
division_by_zero_dace_g__veclen_16_no_cpy,37748736,9,1457
division_by_zero_dace_g__veclen_16_no_cpy,37748736,10,3056
division_by_zero_dace_g__veclen_16_no_cpy,37748736,11,1504
division_by_zero_dace_g__veclen_16_no_cpy,37748736,12,1504
division_by_zero_dace_g__veclen_16_no_cpy,37748736,13,1528
division_by_zero_dace_g__veclen_16_no_cpy,37748736,14,1605
division_by_zero_dace_g__veclen_16_no_cpy,37748736,15,1474
division_by_zero_dace_g__veclen_16_no_cpy,37748736,16,1544
division_by_zero_dace_g__veclen_16_no_cpy,37748736,17,1378
division_by_zero_dace_g__veclen_16_no_cpy,37748736,18,1458
division_by_zero_dace_g__veclen_16_no_cpy,37748736,19,1462
division_by_zero_dace_g__veclen_16_cpy,37748736,0,1971
division_by_zero_dace_g__veclen_16_cpy,37748736,1,2137
division_by_zero_dace_g__veclen_16_cpy,37748736,2,1988
division_by_zero_dace_g__veclen_16_cpy,37748736,3,1999
division_by_zero_dace_g__veclen_16_cpy,37748736,4,1942
division_by_zero_dace_g__veclen_16_cpy,37748736,5,1991
division_by_zero_dace_g__veclen_16_cpy,37748736,6,1943
division_by_zero_dace_g__veclen_16_cpy,37748736,7,4072
division_by_zero_dace_g__veclen_16_cpy,37748736,8,1955
division_by_zero_dace_g__veclen_16_cpy,37748736,9,1955
division_by_zero_dace_g__veclen_16_cpy,37748736,10,1913
division_by_zero_dace_g__veclen_16_cpy,37748736,11,1933
division_by_zero_dace_g__veclen_16_cpy,37748736,12,2849
division_by_zero_dace_g__veclen_16_cpy,37748736,13,1910
division_by_zero_dace_g__veclen_16_cpy,37748736,14,1904
division_by_zero_dace_g__veclen_16_cpy,37748736,15,1941
division_by_zero_dace_g__veclen_16_cpy,37748736,16,1972
division_by_zero_dace_g__veclen_16_cpy,37748736,17,1922
division_by_zero_dace_g__veclen_16_cpy,37748736,18,1912
division_by_zero_dace_g__veclen_16_cpy,37748736,19,2001
division_by_zero_dace_g__veclen_32_no_cpy,37748736,0,1727
division_by_zero_dace_g__veclen_32_no_cpy,37748736,1,1609
division_by_zero_dace_g__veclen_32_no_cpy,37748736,2,1550
division_by_zero_dace_g__veclen_32_no_cpy,37748736,3,1564
division_by_zero_dace_g__veclen_32_no_cpy,37748736,4,1597
division_by_zero_dace_g__veclen_32_no_cpy,37748736,5,1497
division_by_zero_dace_g__veclen_32_no_cpy,37748736,6,2532
division_by_zero_dace_g__veclen_32_no_cpy,37748736,7,1511
division_by_zero_dace_g__veclen_32_no_cpy,37748736,8,1486
division_by_zero_dace_g__veclen_32_no_cpy,37748736,9,1534
division_by_zero_dace_g__veclen_32_no_cpy,37748736,10,1557
division_by_zero_dace_g__veclen_32_no_cpy,37748736,11,1521
division_by_zero_dace_g__veclen_32_no_cpy,37748736,12,1511
division_by_zero_dace_g__veclen_32_no_cpy,37748736,13,1441
division_by_zero_dace_g__veclen_32_no_cpy,37748736,14,1444
division_by_zero_dace_g__veclen_32_no_cpy,37748736,15,1421
division_by_zero_dace_g__veclen_32_no_cpy,37748736,16,2249
division_by_zero_dace_g__veclen_32_no_cpy,37748736,17,1426
division_by_zero_dace_g__veclen_32_no_cpy,37748736,18,1492
division_by_zero_dace_g__veclen_32_no_cpy,37748736,19,1475
division_by_zero_dace_g__veclen_32_cpy,37748736,0,1369
division_by_zero_dace_g__veclen_32_cpy,37748736,1,2133
division_by_zero_dace_g__veclen_32_cpy,37748736,2,1390
division_by_zero_dace_g__veclen_32_cpy,37748736,3,1381
division_by_zero_dace_g__veclen_32_cpy,37748736,4,1373
division_by_zero_dace_g__veclen_32_cpy,37748736,5,1376
division_by_zero_dace_g__veclen_32_cpy,37748736,6,1340
division_by_zero_dace_g__veclen_32_cpy,37748736,7,2468
division_by_zero_dace_g__veclen_32_cpy,37748736,8,1366
division_by_zero_dace_g__veclen_32_cpy,37748736,9,1404
division_by_zero_dace_g__veclen_32_cpy,37748736,10,3468
division_by_zero_dace_g__veclen_32_cpy,37748736,11,1379
division_by_zero_dace_g__veclen_32_cpy,37748736,12,1328
division_by_zero_dace_g__veclen_32_cpy,37748736,13,1339
division_by_zero_dace_g__veclen_32_cpy,37748736,14,1322
division_by_zero_dace_g__veclen_32_cpy,37748736,15,1300
division_by_zero_dace_g__veclen_32_cpy,37748736,16,1355
division_by_zero_dace_g__veclen_32_cpy,37748736,17,1360
division_by_zero_dace_g__veclen_32_cpy,37748736,18,1363
division_by_zero_dace_g__veclen_32_cpy,37748736,19,1362
division_by_zero_dace_g__veclen_64_no_cpy,37748736,0,1403
division_by_zero_dace_g__veclen_64_no_cpy,37748736,1,1406
division_by_zero_dace_g__veclen_64_no_cpy,37748736,2,1329
division_by_zero_dace_g__veclen_64_no_cpy,37748736,3,1323
division_by_zero_dace_g__veclen_64_no_cpy,37748736,4,3227
division_by_zero_dace_g__veclen_64_no_cpy,37748736,5,1299
division_by_zero_dace_g__veclen_64_no_cpy,37748736,6,1949
division_by_zero_dace_g__veclen_64_no_cpy,37748736,7,1297
division_by_zero_dace_g__veclen_64_no_cpy,37748736,8,1293
division_by_zero_dace_g__veclen_64_no_cpy,37748736,9,1559
division_by_zero_dace_g__veclen_64_no_cpy,37748736,10,1280
division_by_zero_dace_g__veclen_64_no_cpy,37748736,11,1432
division_by_zero_dace_g__veclen_64_no_cpy,37748736,12,1283
division_by_zero_dace_g__veclen_64_no_cpy,37748736,13,1291
division_by_zero_dace_g__veclen_64_no_cpy,37748736,14,2087
division_by_zero_dace_g__veclen_64_no_cpy,37748736,15,1274
division_by_zero_dace_g__veclen_64_no_cpy,37748736,16,1266
division_by_zero_dace_g__veclen_64_no_cpy,37748736,17,1259
division_by_zero_dace_g__veclen_64_no_cpy,37748736,18,1251
division_by_zero_dace_g__veclen_64_no_cpy,37748736,19,3374
division_by_zero_dace_g__veclen_64_cpy,37748736,0,1427
division_by_zero_dace_g__veclen_64_cpy,37748736,1,1471
division_by_zero_dace_g__veclen_64_cpy,37748736,2,1369
division_by_zero_dace_g__veclen_64_cpy,37748736,3,1377
division_by_zero_dace_g__veclen_64_cpy,37748736,4,1314
division_by_zero_dace_g__veclen_64_cpy,37748736,5,1314
division_by_zero_dace_g__veclen_64_cpy,37748736,6,1306
division_by_zero_dace_g__veclen_64_cpy,37748736,7,1311
division_by_zero_dace_g__veclen_64_cpy,37748736,8,1305
division_by_zero_dace_g__veclen_64_cpy,37748736,9,1308
division_by_zero_dace_g__veclen_64_cpy,37748736,10,1320
division_by_zero_dace_g__veclen_64_cpy,37748736,11,3605
division_by_zero_dace_g__veclen_64_cpy,37748736,12,1316
division_by_zero_dace_g__veclen_64_cpy,37748736,13,1304
division_by_zero_dace_g__veclen_64_cpy,37748736,14,1310
division_by_zero_dace_g__veclen_64_cpy,37748736,15,1304
division_by_zero_dace_g__veclen_64_cpy,37748736,16,1806
division_by_zero_dace_g__veclen_64_cpy,37748736,17,1354
division_by_zero_dace_g__veclen_64_cpy,37748736,18,1289
division_by_zero_dace_g__veclen_64_cpy,37748736,19,1313
